Flight ID,Flight Date,Airline,Flight Number,Departure Airport,Arrival Airport,Scheduled Departure Time,Actual Departure Time,Departure Delay (Minutes),Scheduled Arrival Time,Actual Arrival Time,Arrival Delay (Minutes),Passenger Count,Terminal,Gate Number,Flight Status
456902,1/1/2024,Delta,DE196,LAX,LHR,1/1/2024 6:00,1/1/2024 6:10,79,1/1/2024 10:00,1/1/2024 10:15,145,155,Terminal 1,G47,Delayed
471427,1/1/2024,American Airlines,AM118,JFK,HND,1/1/2024 7:00,1/1/2024 7:10,56,1/1/2024 11:00,1/1/2024 11:15,76,282,Terminal 4,G41,Delayed
120762,1/1/2024,United Airlines,AM623,ATL,DXB,1/1/2024 8:00,1/1/2024 8:10,56,1/1/2024 12:00,1/1/2024 12:15,74,299,Terminal 3,G24,Cancelled
651683,1/1/2024,United Airlines,AM840,LAX,DXB,1/1/2024 9:00,1/1/2024 9:10,19,1/1/2024 13:00,1/1/2024 13:15,56,392,Terminal 4,G9,Cancelled
776951,1/1/2024,American Airlines,UN729,ATL,DXB,1/1/2024 10:00,1/1/2024 10:10,111,1/1/2024 14:00,1/1/2024 14:15,168,161,Terminal 2,G8,On Time
127796,1/1/2024,United Airlines,UN296,LAX,SYD,1/1/2024 11:00,1/1/2024 11:10,83,1/1/2024 15:00,1/1/2024 15:15,20,104,Terminal 5,G38,Delayed
780112,1/1/2024,Emirates,UN874,LAX,LHR,1/1/2024 12:00,1/1/2024 12:10,56,1/1/2024 16:00,1/1/2024 16:15,108,139,Terminal 5,G39,Cancelled
138711,1/1/2024,Emirates,UN954,JFK,LHR,1/1/2024 13:00,1/1/2024 13:10,70,1/1/2024 17:00,1/1/2024 17:15,56,233,Terminal 4,G34,Cancelled
456263,1/1/2024,Emirates,DE207,ORD,CDG,1/1/2024 14:00,1/1/2024 14:10,84,1/1/2024 18:00,1/1/2024 18:15,56,130,Terminal 4,G2,On Time
971868,1/1/2024,Delta,EM102,JFK,CDG,1/1/2024 15:00,1/1/2024 15:10,34,1/1/2024 19:00,1/1/2024 19:15,56,209,Terminal 4,G25,Cancelled
151031,1/1/2024,United Airlines,EM736,ATL,DXB,1/1/2024 16:00,1/1/2024 16:10,79,1/1/2024 20:00,1/1/2024 20:15,139,235,Terminal 3,G34,On Time
811748,1/1/2024,American Airlines,EM405,LAX,CDG,1/1/2024 17:00,1/1/2024 17:10,56,1/1/2024 21:00,1/1/2024 21:15,50,321,Terminal 4,G17,Cancelled
737971,1/1/2024,American Airlines,LU536,JFK,LHR,1/1/2024 18:00,1/1/2024 18:10,28,1/1/2024 22:00,1/1/2024 22:15,56,300,Terminal 2,G39,Delayed
155930,1/1/2024,Lufthansa,DE545,JFK,DXB,1/1/2024 19:00,1/1/2024 19:10,13,1/1/2024 23:00,1/1/2024 23:15,56,66,Terminal 1,G26,Delayed
675037,1/1/2024,United Airlines,UN870,ORD,CDG,1/1/2024 20:00,1/1/2024 20:10,56,1/2/2024 0:00,1/2/2024 0:15,155,112,Terminal 4,G2,Delayed
328708,1/1/2024,United Airlines,DE840,ORD,SYD,1/1/2024 21:00,1/1/2024 21:10,56,1/2/2024 1:00,1/2/2024 1:15,3,163,Terminal 4,G43,On Time
145142,1/1/2024,Delta,LU625,LAX,DXB,1/1/2024 22:00,1/1/2024 22:10,74,1/2/2024 2:00,1/2/2024 2:15,151,98,Terminal 1,G13,Delayed
536301,1/1/2024,Emirates,DE343,LAX,CDG,1/1/2024 23:00,1/1/2024 23:10,56,1/2/2024 3:00,1/2/2024 3:15,169,109,Terminal 2,G14,On Time
756129,1/1/2024,Lufthansa,DE417,LAX,DXB,1/2/2024 0:00,1/2/2024 0:10,72,1/2/2024 4:00,1/2/2024 4:15,112,82,Terminal 5,G19,Cancelled
752107,1/1/2024,Emirates,DE106,DFW,LHR,1/2/2024 1:00,1/2/2024 1:10,56,1/2/2024 5:00,1/2/2024 5:15,91,277,Terminal 2,G12,Cancelled
295893,1/1/2024,American Airlines,EM798,ORD,SYD,1/2/2024 2:00,1/2/2024 2:10,78,1/2/2024 6:00,1/2/2024 6:15,56,229,Terminal 2,G39,On Time
478228,1/1/2024,Emirates,EM991,ATL,LHR,1/2/2024 3:00,1/2/2024 3:10,56,1/2/2024 7:00,1/2/2024 7:15,56,112,Terminal 4,G50,Cancelled
150285,1/1/2024,Delta,LU633,DFW,HND,1/2/2024 4:00,1/2/2024 4:10,93,1/2/2024 8:00,1/2/2024 8:15,-5,301,Terminal 4,G40,On Time
825448,1/1/2024,Lufthansa,DE181,DFW,LHR,1/2/2024 5:00,1/2/2024 5:10,61,1/2/2024 9:00,1/2/2024 9:15,162,171,Terminal 4,G47,Delayed
844175,1/2/2024,Emirates,AM221,ATL,SYD,1/2/2024 6:00,1/2/2024 6:10,73,1/2/2024 10:00,1/2/2024 10:15,122,391,Terminal 4,G23,On Time
719225,1/2/2024,American Airlines,EM316,DFW,DXB,1/2/2024 7:00,1/2/2024 7:10,38,1/2/2024 11:00,1/2/2024 11:15,38,155,Terminal 3,G4,On Time
898630,1/2/2024,United Airlines,AM526,DFW,DXB,1/2/2024 8:00,1/2/2024 8:10,116,1/2/2024 12:00,1/2/2024 12:15,117,236,Terminal 3,G35,Cancelled
629537,1/2/2024,American Airlines,DE466,LAX,CDG,1/2/2024 9:00,1/2/2024 9:10,115,1/2/2024 13:00,1/2/2024 13:15,141,335,Terminal 1,G26,Cancelled
969742,1/2/2024,Delta,LU368,ORD,CDG,1/2/2024 10:00,1/2/2024 10:10,6,1/2/2024 14:00,1/2/2024 14:15,119,150,Terminal 1,G30,Cancelled
137383,1/2/2024,American Airlines,AM290,ORD,SYD,1/2/2024 11:00,1/2/2024 11:10,56,1/2/2024 15:00,1/2/2024 15:15,56,260,Terminal 5,G10,Delayed
468558,1/2/2024,United Airlines,DE853,ATL,LHR,1/2/2024 12:00,1/2/2024 12:10,56,1/2/2024 16:00,1/2/2024 16:15,56,122,Terminal 3,G47,On Time
488780,1/2/2024,Emirates,DE222,LAX,CDG,1/2/2024 13:00,1/2/2024 13:10,22,1/2/2024 17:00,1/2/2024 17:15,37,200,Terminal 2,G10,Cancelled
552020,1/2/2024,Delta,EM372,DFW,CDG,1/2/2024 14:00,1/2/2024 14:10,18,1/2/2024 18:00,1/2/2024 18:15,153,338,Terminal 5,G27,On Time
409323,1/2/2024,Delta,UN440,ORD,DXB,1/2/2024 15:00,1/2/2024 15:10,119,1/2/2024 19:00,1/2/2024 19:15,145,373,Terminal 4,G43,On Time
426767,1/2/2024,Lufthansa,UN746,JFK,DXB,1/2/2024 16:00,1/2/2024 16:10,99,1/2/2024 20:00,1/2/2024 20:15,148,140,Terminal 1,G41,On Time
938845,1/2/2024,United Airlines,UN233,JFK,HND,1/2/2024 17:00,1/2/2024 17:10,92,1/2/2024 21:00,1/2/2024 21:15,7,113,Terminal 1,G28,Delayed
181612,1/2/2024,Lufthansa,UN183,ORD,DXB,1/2/2024 18:00,1/2/2024 18:10,80,1/2/2024 22:00,1/2/2024 22:15,56,222,Terminal 5,G12,Delayed
713457,1/2/2024,Lufthansa,LU709,ORD,CDG,1/2/2024 19:00,1/2/2024 19:10,56,1/2/2024 23:00,1/2/2024 23:15,140,94,Terminal 2,G35,Delayed
701791,1/2/2024,Lufthansa,DE710,ORD,CDG,1/2/2024 20:00,1/2/2024 20:10,56,1/3/2024 0:00,1/3/2024 0:15,163,223,Terminal 1,G6,Delayed
885182,1/2/2024,Emirates,LU962,DFW,LHR,1/2/2024 21:00,1/2/2024 21:10,44,1/3/2024 1:00,1/3/2024 1:15,56,269,Terminal 1,G4,On Time
401908,1/2/2024,Emirates,UN918,ORD,SYD,1/2/2024 22:00,1/2/2024 22:10,73,1/3/2024 2:00,1/3/2024 2:15,66,346,Terminal 2,G29,Delayed
912474,1/2/2024,Delta,DE716,LAX,SYD,1/2/2024 23:00,1/2/2024 23:10,16,1/3/2024 3:00,1/3/2024 3:15,154,208,Terminal 3,G26,On Time
170809,1/2/2024,Delta,DE340,DFW,HND,1/3/2024 0:00,1/3/2024 0:10,66,1/3/2024 4:00,1/3/2024 4:15,4,209,Terminal 1,G29,Delayed
985232,1/2/2024,Emirates,LU399,DFW,HND,1/3/2024 1:00,1/3/2024 1:10,39,1/3/2024 5:00,1/3/2024 5:15,141,162,Terminal 5,G30,Cancelled
232963,1/2/2024,American Airlines,DE601,JFK,DXB,1/3/2024 2:00,1/3/2024 2:10,89,1/3/2024 6:00,1/3/2024 6:15,14,333,Terminal 2,G48,Cancelled
373939,1/2/2024,Emirates,LU424,JFK,DXB,1/3/2024 3:00,1/3/2024 3:10,56,1/3/2024 7:00,1/3/2024 7:15,133,303,Terminal 3,G29,On Time
321440,1/2/2024,Lufthansa,UN231,JFK,LHR,1/3/2024 4:00,1/3/2024 4:10,56,1/3/2024 8:00,1/3/2024 8:15,18,330,Terminal 5,G50,On Time
538074,1/2/2024,Lufthansa,DE961,JFK,SYD,1/3/2024 5:00,1/3/2024 5:10,9,1/3/2024 9:00,1/3/2024 9:15,139,293,Terminal 2,G35,On Time
169030,1/3/2024,Delta,EM687,LAX,HND,1/3/2024 6:00,1/3/2024 6:10,84,1/3/2024 10:00,1/3/2024 10:15,124,85,Terminal 4,G27,On Time
511501,1/3/2024,American Airlines,EM655,JFK,DXB,1/3/2024 7:00,1/3/2024 7:10,83,1/3/2024 11:00,1/3/2024 11:15,22,284,Terminal 1,G29,On Time
150512,1/3/2024,Lufthansa,AM905,ATL,HND,1/3/2024 8:00,1/3/2024 8:10,82,1/3/2024 12:00,1/3/2024 12:15,86,85,Terminal 4,G43,Cancelled
489862,1/3/2024,Lufthansa,LU125,LAX,HND,1/3/2024 9:00,1/3/2024 9:10,34,1/3/2024 13:00,1/3/2024 13:15,9,168,Terminal 2,G46,Cancelled
113475,1/3/2024,American Airlines,UN127,DFW,CDG,1/3/2024 10:00,1/3/2024 10:10,34,1/3/2024 14:00,1/3/2024 14:15,131,215,Terminal 2,G15,On Time
833128,1/3/2024,American Airlines,DE530,LAX,CDG,1/3/2024 11:00,1/3/2024 11:10,34,1/3/2024 15:00,1/3/2024 15:15,56,400,Terminal 1,G45,On Time
288805,1/3/2024,Lufthansa,UN113,LAX,HND,1/3/2024 12:00,1/3/2024 12:10,13,1/3/2024 16:00,1/3/2024 16:15,70,361,Terminal 2,G39,Delayed
725188,1/3/2024,Delta,DE874,DFW,LHR,1/3/2024 13:00,1/3/2024 13:10,56,1/3/2024 17:00,1/3/2024 17:15,31,160,Terminal 1,G31,Cancelled
766573,1/3/2024,Emirates,DE448,LAX,DXB,1/3/2024 14:00,1/3/2024 14:10,41,1/3/2024 18:00,1/3/2024 18:15,94,228,Terminal 1,G5,Delayed
888100,1/3/2024,American Airlines,AM859,ATL,HND,1/3/2024 15:00,1/3/2024 15:10,56,1/3/2024 19:00,1/3/2024 19:15,56,392,Terminal 4,G35,Cancelled
712753,1/3/2024,Emirates,LU118,LAX,CDG,1/3/2024 16:00,1/3/2024 16:10,83,1/3/2024 20:00,1/3/2024 20:15,27,312,Terminal 4,G5,On Time
739652,1/3/2024,Lufthansa,UN494,LAX,CDG,1/3/2024 17:00,1/3/2024 17:10,119,1/3/2024 21:00,1/3/2024 21:15,94,398,Terminal 4,G39,On Time
144364,1/3/2024,Emirates,EM315,LAX,SYD,1/3/2024 18:00,1/3/2024 18:10,119,1/3/2024 22:00,1/3/2024 22:15,56,349,Terminal 3,G3,Delayed
561601,1/3/2024,Delta,UN406,ORD,LHR,1/3/2024 19:00,1/3/2024 19:10,56,1/3/2024 23:00,1/3/2024 23:15,89,92,Terminal 4,G23,Delayed
518306,1/3/2024,Emirates,EM746,ORD,HND,1/3/2024 20:00,1/3/2024 20:10,56,1/4/2024 0:00,1/4/2024 0:15,56,78,Terminal 3,G42,On Time
196691,1/3/2024,Delta,AM770,ATL,SYD,1/3/2024 21:00,1/3/2024 21:10,56,1/4/2024 1:00,1/4/2024 1:15,-1,229,Terminal 1,G37,Cancelled
709496,1/3/2024,Lufthansa,EM722,JFK,HND,1/3/2024 22:00,1/3/2024 22:10,53,1/4/2024 2:00,1/4/2024 2:15,100,192,Terminal 5,G29,Cancelled
223365,1/3/2024,American Airlines,LU312,ATL,LHR,1/3/2024 23:00,1/3/2024 23:10,73,1/4/2024 3:00,1/4/2024 3:15,84,325,Terminal 3,G17,On Time
899352,1/3/2024,American Airlines,AM160,ATL,HND,1/4/2024 0:00,1/4/2024 0:10,56,1/4/2024 4:00,1/4/2024 4:15,74,139,Terminal 4,G28,On Time
760967,1/3/2024,United Airlines,DE970,DFW,HND,1/4/2024 1:00,1/4/2024 1:10,27,1/4/2024 5:00,1/4/2024 5:15,116,219,Terminal 5,G33,On Time
629272,1/3/2024,Emirates,UN523,JFK,LHR,1/4/2024 2:00,1/4/2024 2:10,75,1/4/2024 6:00,1/4/2024 6:15,55,271,Terminal 5,G37,On Time
214880,1/3/2024,Lufthansa,DE219,ORD,SYD,1/4/2024 3:00,1/4/2024 3:10,62,1/4/2024 7:00,1/4/2024 7:15,110,131,Terminal 4,G37,Cancelled
878017,1/3/2024,Lufthansa,EM301,LAX,DXB,1/4/2024 4:00,1/4/2024 4:10,4,1/4/2024 8:00,1/4/2024 8:15,18,297,Terminal 5,G15,Cancelled
425577,1/3/2024,Delta,EM306,LAX,CDG,1/4/2024 5:00,1/4/2024 5:10,56,1/4/2024 9:00,1/4/2024 9:15,134,159,Terminal 4,G14,On Time
740993,1/4/2024,Emirates,DE467,ATL,CDG,1/4/2024 6:00,1/4/2024 6:10,17,1/4/2024 10:00,1/4/2024 10:15,88,362,Terminal 5,G3,On Time
662665,1/4/2024,United Airlines,AM283,ATL,HND,1/4/2024 7:00,1/4/2024 7:10,56,1/4/2024 11:00,1/4/2024 11:15,94,267,Terminal 5,G24,Delayed
320719,1/4/2024,American Airlines,EM542,DFW,HND,1/4/2024 8:00,1/4/2024 8:10,87,1/4/2024 12:00,1/4/2024 12:15,7,193,Terminal 5,G14,Delayed
533121,1/4/2024,Emirates,AM415,DFW,DXB,1/4/2024 9:00,1/4/2024 9:10,56,1/4/2024 13:00,1/4/2024 13:15,22,151,Terminal 3,G45,On Time
617279,1/4/2024,American Airlines,UN659,ORD,LHR,1/4/2024 10:00,1/4/2024 10:10,11,1/4/2024 14:00,1/4/2024 14:15,56,394,Terminal 3,G32,On Time
647227,1/4/2024,Lufthansa,UN762,DFW,CDG,1/4/2024 11:00,1/4/2024 11:10,3,1/4/2024 15:00,1/4/2024 15:15,132,153,Terminal 5,G18,Delayed
376328,1/4/2024,Emirates,UN117,ATL,CDG,1/4/2024 12:00,1/4/2024 12:10,56,1/4/2024 16:00,1/4/2024 16:15,56,113,Terminal 4,G3,Cancelled
739541,1/4/2024,United Airlines,EM710,ORD,DXB,1/4/2024 13:00,1/4/2024 13:10,56,1/4/2024 17:00,1/4/2024 17:15,116,270,Terminal 5,G43,On Time
115044,1/4/2024,Emirates,LU144,JFK,SYD,1/4/2024 14:00,1/4/2024 14:10,71,1/4/2024 18:00,1/4/2024 18:15,79,92,Terminal 3,G28,On Time
348523,1/4/2024,Delta,EM521,ATL,CDG,1/4/2024 15:00,1/4/2024 15:10,71,1/4/2024 19:00,1/4/2024 19:15,18,128,Terminal 4,G11,Delayed
240438,1/4/2024,Lufthansa,EM664,JFK,LHR,1/4/2024 16:00,1/4/2024 16:10,101,1/4/2024 20:00,1/4/2024 20:15,56,50,Terminal 5,G17,Delayed
978271,1/4/2024,United Airlines,EM430,LAX,DXB,1/4/2024 17:00,1/4/2024 17:10,40,1/4/2024 21:00,1/4/2024 21:15,3,379,Terminal 4,G9,On Time
198224,1/4/2024,American Airlines,EM199,ORD,DXB,1/4/2024 18:00,1/4/2024 18:10,9,1/4/2024 22:00,1/4/2024 22:15,47,356,Terminal 1,G25,On Time
571773,1/4/2024,Lufthansa,LU683,JFK,HND,1/4/2024 19:00,1/4/2024 19:10,56,1/4/2024 23:00,1/4/2024 23:15,179,365,Terminal 1,G8,Cancelled
563939,1/4/2024,Emirates,AM266,ORD,SYD,1/4/2024 20:00,1/4/2024 20:10,2,1/5/2024 0:00,1/5/2024 0:15,56,122,Terminal 3,G4,On Time
392639,1/4/2024,Lufthansa,EM132,ATL,LHR,1/4/2024 21:00,1/4/2024 21:10,58,1/5/2024 1:00,1/5/2024 1:15,56,331,Terminal 5,G46,Cancelled
690863,1/4/2024,Lufthansa,EM883,ATL,DXB,1/4/2024 22:00,1/4/2024 22:10,49,1/5/2024 2:00,1/5/2024 2:15,56,265,Terminal 1,G16,Delayed
974013,1/4/2024,American Airlines,LU874,ATL,SYD,1/4/2024 23:00,1/4/2024 23:10,114,1/5/2024 3:00,1/5/2024 3:15,87,388,Terminal 4,G16,Delayed
829323,1/4/2024,Delta,EM202,LAX,SYD,1/5/2024 0:00,1/5/2024 0:10,22,1/5/2024 4:00,1/5/2024 4:15,56,323,Terminal 5,G10,Cancelled
198121,1/4/2024,Lufthansa,DE755,ORD,CDG,1/5/2024 1:00,1/5/2024 1:10,-3,1/5/2024 5:00,1/5/2024 5:15,167,388,Terminal 3,G18,On Time
224675,1/4/2024,Delta,UN309,DFW,SYD,1/5/2024 2:00,1/5/2024 2:10,15,1/5/2024 6:00,1/5/2024 6:15,180,293,Terminal 4,G36,Delayed
904073,1/4/2024,Emirates,EM303,LAX,LHR,1/5/2024 3:00,1/5/2024 3:10,54,1/5/2024 7:00,1/5/2024 7:15,168,335,Terminal 1,G45,Delayed
601467,1/4/2024,Lufthansa,UN200,LAX,SYD,1/5/2024 4:00,1/5/2024 4:10,50,1/5/2024 8:00,1/5/2024 8:15,34,200,Terminal 5,G31,Delayed
556606,1/4/2024,Delta,DE340,DFW,LHR,1/5/2024 5:00,1/5/2024 5:10,74,1/5/2024 9:00,1/5/2024 9:15,78,128,Terminal 1,G32,Delayed
560205,1/5/2024,Delta,UN759,DFW,SYD,1/5/2024 6:00,1/5/2024 6:10,10,1/5/2024 10:00,1/5/2024 10:15,95,391,Terminal 4,G13,Cancelled
449008,1/5/2024,Lufthansa,UN175,ORD,LHR,1/5/2024 7:00,1/5/2024 7:10,57,1/5/2024 11:00,1/5/2024 11:15,175,291,Terminal 5,G25,Delayed
489388,1/5/2024,Emirates,LU933,JFK,CDG,1/5/2024 8:00,1/5/2024 8:10,15,1/5/2024 12:00,1/5/2024 12:15,121,296,Terminal 2,G23,Delayed
124421,1/5/2024,Delta,LU609,LAX,CDG,1/5/2024 9:00,1/5/2024 9:10,56,1/5/2024 13:00,1/5/2024 13:15,14,219,Terminal 2,G7,Cancelled
826768,1/5/2024,United Airlines,LU803,JFK,DXB,1/5/2024 10:00,1/5/2024 10:10,33,1/5/2024 14:00,1/5/2024 14:15,18,102,Terminal 5,G34,On Time
800324,1/5/2024,Lufthansa,DE739,ATL,DXB,1/5/2024 11:00,1/5/2024 11:10,108,1/5/2024 15:00,1/5/2024 15:15,85,211,Terminal 3,G35,Cancelled
928596,1/5/2024,Emirates,EM258,ORD,SYD,1/5/2024 12:00,1/5/2024 12:10,66,1/5/2024 16:00,1/5/2024 16:15,8,163,Terminal 1,G18,Cancelled
142618,1/5/2024,Delta,DE619,JFK,LHR,1/5/2024 13:00,1/5/2024 13:10,56,1/5/2024 17:00,1/5/2024 17:15,81,253,Terminal 1,G50,Delayed
392633,1/5/2024,Delta,EM792,ORD,SYD,1/5/2024 14:00,1/5/2024 14:10,42,1/5/2024 18:00,1/5/2024 18:15,67,386,Terminal 5,G39,Cancelled
297420,1/5/2024,Delta,UN970,DFW,DXB,1/5/2024 15:00,1/5/2024 15:10,114,1/5/2024 19:00,1/5/2024 19:15,56,275,Terminal 2,G8,On Time
965838,1/5/2024,United Airlines,LU643,JFK,SYD,1/5/2024 16:00,1/5/2024 16:10,15,1/5/2024 20:00,1/5/2024 20:15,107,120,Terminal 2,G40,On Time
617688,1/5/2024,American Airlines,DE367,ATL,SYD,1/5/2024 17:00,1/5/2024 17:10,56,1/5/2024 21:00,1/5/2024 21:15,56,74,Terminal 4,G35,On Time
455457,1/5/2024,Emirates,AM720,ORD,LHR,1/5/2024 18:00,1/5/2024 18:10,71,1/5/2024 22:00,1/5/2024 22:15,106,352,Terminal 5,G27,Cancelled
772856,1/5/2024,Lufthansa,EM247,ORD,DXB,1/5/2024 19:00,1/5/2024 19:10,36,1/5/2024 23:00,1/5/2024 23:15,93,275,Terminal 4,G49,Delayed
308746,1/5/2024,United Airlines,UN114,JFK,SYD,1/5/2024 20:00,1/5/2024 20:10,-1,1/6/2024 0:00,1/6/2024 0:15,27,231,Terminal 4,G26,Cancelled
873650,1/5/2024,American Airlines,DE911,JFK,CDG,1/5/2024 21:00,1/5/2024 21:10,88,1/6/2024 1:00,1/6/2024 1:15,56,68,Terminal 5,G6,Cancelled
210326,1/5/2024,Emirates,UN793,LAX,SYD,1/5/2024 22:00,1/5/2024 22:10,106,1/6/2024 2:00,1/6/2024 2:15,118,246,Terminal 4,G14,Cancelled
448551,1/5/2024,United Airlines,UN701,DFW,LHR,1/5/2024 23:00,1/5/2024 23:10,91,1/6/2024 3:00,1/6/2024 3:15,121,242,Terminal 5,G10,Delayed
958285,1/5/2024,Lufthansa,AM434,ORD,SYD,1/6/2024 0:00,1/6/2024 0:10,41,1/6/2024 4:00,1/6/2024 4:15,107,365,Terminal 5,G38,Cancelled
567429,1/5/2024,American Airlines,UN948,ATL,HND,1/6/2024 1:00,1/6/2024 1:10,92,1/6/2024 5:00,1/6/2024 5:15,66,353,Terminal 5,G20,On Time
471631,1/5/2024,Lufthansa,EM595,ATL,CDG,1/6/2024 2:00,1/6/2024 2:10,103,1/6/2024 6:00,1/6/2024 6:15,80,103,Terminal 5,G2,Cancelled
775937,1/5/2024,United Airlines,UN909,ATL,DXB,1/6/2024 3:00,1/6/2024 3:10,56,1/6/2024 7:00,1/6/2024 7:15,31,400,Terminal 3,G26,On Time
797114,1/5/2024,American Airlines,AM723,JFK,LHR,1/6/2024 4:00,1/6/2024 4:10,66,1/6/2024 8:00,1/6/2024 8:15,38,378,Terminal 2,G16,Delayed
238697,1/5/2024,United Airlines,UN146,DFW,DXB,1/6/2024 5:00,1/6/2024 5:10,120,1/6/2024 9:00,1/6/2024 9:15,87,115,Terminal 1,G24,Delayed
285978,1/6/2024,Lufthansa,AM589,JFK,LHR,1/6/2024 6:00,1/6/2024 6:10,39,1/6/2024 10:00,1/6/2024 10:15,104,329,Terminal 1,G31,Delayed
750950,1/6/2024,Lufthansa,DE319,ATL,SYD,1/6/2024 7:00,1/6/2024 7:10,114,1/6/2024 11:00,1/6/2024 11:15,32,210,Terminal 2,G12,On Time
437895,1/6/2024,Lufthansa,LU582,LAX,HND,1/6/2024 8:00,1/6/2024 8:10,60,1/6/2024 12:00,1/6/2024 12:15,149,252,Terminal 2,G17,On Time
154984,1/6/2024,Lufthansa,AM869,ORD,HND,1/6/2024 9:00,1/6/2024 9:10,49,1/6/2024 13:00,1/6/2024 13:15,8,315,Terminal 4,G30,Delayed
850977,1/6/2024,Emirates,DE257,ORD,CDG,1/6/2024 10:00,1/6/2024 10:10,58,1/6/2024 14:00,1/6/2024 14:15,53,218,Terminal 3,G26,Delayed
664532,1/6/2024,Emirates,DE477,JFK,LHR,1/6/2024 11:00,1/6/2024 11:10,69,1/6/2024 15:00,1/6/2024 15:15,153,339,Terminal 1,G14,On Time
359826,1/6/2024,Delta,UN909,LAX,SYD,1/6/2024 12:00,1/6/2024 12:10,79,1/6/2024 16:00,1/6/2024 16:15,162,190,Terminal 2,G39,Cancelled
963232,1/6/2024,American Airlines,UN519,DFW,HND,1/6/2024 13:00,1/6/2024 13:10,58,1/6/2024 17:00,1/6/2024 17:15,5,199,Terminal 1,G36,Cancelled
686099,1/6/2024,American Airlines,UN757,ORD,SYD,1/6/2024 14:00,1/6/2024 14:10,-5,1/6/2024 18:00,1/6/2024 18:15,43,90,Terminal 3,G23,Cancelled
512785,1/6/2024,Emirates,EM631,ORD,DXB,1/6/2024 15:00,1/6/2024 15:10,66,1/6/2024 19:00,1/6/2024 19:15,125,265,Terminal 2,G31,Cancelled
137516,1/6/2024,Lufthansa,EM310,JFK,HND,1/6/2024 16:00,1/6/2024 16:10,41,1/6/2024 20:00,1/6/2024 20:15,51,196,Terminal 3,G49,Delayed
307440,1/6/2024,Delta,DE567,ATL,SYD,1/6/2024 17:00,1/6/2024 17:10,1,1/6/2024 21:00,1/6/2024 21:15,56,342,Terminal 1,G10,Delayed
711568,1/6/2024,Emirates,EM632,JFK,SYD,1/6/2024 18:00,1/6/2024 18:10,71,1/6/2024 22:00,1/6/2024 22:15,26,171,Terminal 1,G26,Cancelled
161748,1/6/2024,Emirates,LU664,LAX,DXB,1/6/2024 19:00,1/6/2024 19:10,69,1/6/2024 23:00,1/6/2024 23:15,82,155,Terminal 3,G43,On Time
323250,1/6/2024,Delta,DE923,ATL,LHR,1/6/2024 20:00,1/6/2024 20:10,30,1/7/2024 0:00,1/7/2024 0:15,139,100,Terminal 2,G45,Cancelled
545121,1/6/2024,American Airlines,AM362,ORD,CDG,1/6/2024 21:00,1/6/2024 21:10,3,1/7/2024 1:00,1/7/2024 1:15,42,92,Terminal 1,G34,Cancelled
619781,1/6/2024,Lufthansa,DE840,LAX,LHR,1/6/2024 22:00,1/6/2024 22:10,56,1/7/2024 2:00,1/7/2024 2:15,19,94,Terminal 4,G21,On Time
405279,1/6/2024,Emirates,UN457,LAX,HND,1/6/2024 23:00,1/6/2024 23:10,-5,1/7/2024 3:00,1/7/2024 3:15,158,213,Terminal 4,G3,Delayed
682185,1/6/2024,Delta,DE380,ORD,SYD,1/7/2024 0:00,1/7/2024 0:10,12,1/7/2024 4:00,1/7/2024 4:15,169,245,Terminal 3,G1,Delayed
550203,1/6/2024,American Airlines,DE427,LAX,DXB,1/7/2024 1:00,1/7/2024 1:10,102,1/7/2024 5:00,1/7/2024 5:15,41,376,Terminal 1,G30,Cancelled
563579,1/6/2024,United Airlines,DE861,ATL,HND,1/7/2024 2:00,1/7/2024 2:10,59,1/7/2024 6:00,1/7/2024 6:15,18,327,Terminal 2,G9,Cancelled
991629,1/6/2024,American Airlines,DE666,ORD,DXB,1/7/2024 3:00,1/7/2024 3:10,34,1/7/2024 7:00,1/7/2024 7:15,168,212,Terminal 2,G36,Delayed
477559,1/6/2024,Lufthansa,DE348,ATL,LHR,1/7/2024 4:00,1/7/2024 4:10,49,1/7/2024 8:00,1/7/2024 8:15,49,209,Terminal 3,G44,Cancelled
514853,1/6/2024,Emirates,LU176,ATL,HND,1/7/2024 5:00,1/7/2024 5:10,117,1/7/2024 9:00,1/7/2024 9:15,114,64,Terminal 2,G46,Cancelled
594908,1/7/2024,Lufthansa,LU999,ORD,LHR,1/7/2024 6:00,1/7/2024 6:10,74,1/7/2024 10:00,1/7/2024 10:15,10,137,Terminal 5,G20,On Time
485061,1/7/2024,Emirates,DE102,JFK,SYD,1/7/2024 7:00,1/7/2024 7:10,103,1/7/2024 11:00,1/7/2024 11:15,101,248,Terminal 3,G15,Delayed
994881,1/7/2024,American Airlines,DE382,ATL,SYD,1/7/2024 8:00,1/7/2024 8:10,1,1/7/2024 12:00,1/7/2024 12:15,1,114,Terminal 5,G33,Cancelled
313257,1/7/2024,United Airlines,UN939,DFW,HND,1/7/2024 9:00,1/7/2024 9:10,33,1/7/2024 13:00,1/7/2024 13:15,126,100,Terminal 3,G42,Cancelled
909523,1/7/2024,American Airlines,EM411,ATL,SYD,1/7/2024 10:00,1/7/2024 10:10,47,1/7/2024 14:00,1/7/2024 14:15,129,315,Terminal 4,G46,On Time
933311,1/7/2024,Lufthansa,DE841,JFK,CDG,1/7/2024 11:00,1/7/2024 11:10,83,1/7/2024 15:00,1/7/2024 15:15,89,71,Terminal 4,G45,Delayed
440777,1/7/2024,Lufthansa,AM798,JFK,HND,1/7/2024 12:00,1/7/2024 12:10,44,1/7/2024 16:00,1/7/2024 16:15,123,251,Terminal 1,G23,Cancelled
178654,1/7/2024,Emirates,AM781,DFW,SYD,1/7/2024 13:00,1/7/2024 13:10,85,1/7/2024 17:00,1/7/2024 17:15,52,386,Terminal 2,G34,Cancelled
430802,1/7/2024,Lufthansa,EM618,DFW,CDG,1/7/2024 14:00,1/7/2024 14:10,101,1/7/2024 18:00,1/7/2024 18:15,77,55,Terminal 5,G50,On Time
360396,1/7/2024,American Airlines,DE108,JFK,SYD,1/7/2024 15:00,1/7/2024 15:10,56,1/7/2024 19:00,1/7/2024 19:15,138,175,Terminal 4,G1,Delayed
371278,1/7/2024,Lufthansa,UN391,ORD,CDG,1/7/2024 16:00,1/7/2024 16:10,86,1/7/2024 20:00,1/7/2024 20:15,151,259,Terminal 1,G2,Delayed
793520,1/7/2024,Emirates,EM269,ATL,LHR,1/7/2024 17:00,1/7/2024 17:10,48,1/7/2024 21:00,1/7/2024 21:15,139,177,Terminal 1,G38,Delayed
832662,1/7/2024,Emirates,EM434,ORD,LHR,1/7/2024 18:00,1/7/2024 18:10,56,1/7/2024 22:00,1/7/2024 22:15,177,136,Terminal 5,G40,Delayed
617789,1/7/2024,Emirates,AM816,LAX,HND,1/7/2024 19:00,1/7/2024 19:10,-5,1/7/2024 23:00,1/7/2024 23:15,29,168,Terminal 3,G38,On Time
398272,1/7/2024,Emirates,UN494,LAX,DXB,1/7/2024 20:00,1/7/2024 20:10,75,1/8/2024 0:00,1/8/2024 0:15,69,400,Terminal 5,G33,Cancelled
311748,1/7/2024,Delta,AM430,LAX,CDG,1/7/2024 21:00,1/7/2024 21:10,-2,1/8/2024 1:00,1/8/2024 1:15,156,239,Terminal 2,G28,Cancelled
727527,1/7/2024,American Airlines,EM541,ORD,CDG,1/7/2024 22:00,1/7/2024 22:10,15,1/8/2024 2:00,1/8/2024 2:15,9,112,Terminal 5,G28,Cancelled
243266,1/7/2024,Emirates,DE378,ORD,DXB,1/7/2024 23:00,1/7/2024 23:10,56,1/8/2024 3:00,1/8/2024 3:15,72,331,Terminal 4,G44,Delayed
620585,1/7/2024,United Airlines,EM203,DFW,LHR,1/8/2024 0:00,1/8/2024 0:10,56,1/8/2024 4:00,1/8/2024 4:15,130,216,Terminal 1,G45,Delayed
101089,1/7/2024,United Airlines,AM779,JFK,SYD,1/8/2024 1:00,1/8/2024 1:10,56,1/8/2024 5:00,1/8/2024 5:15,56,137,Terminal 3,G37,On Time
643288,1/7/2024,United Airlines,UN655,JFK,CDG,1/8/2024 2:00,1/8/2024 2:10,23,1/8/2024 6:00,1/8/2024 6:15,98,124,Terminal 3,G11,Delayed
209737,1/7/2024,American Airlines,LU162,JFK,CDG,1/8/2024 3:00,1/8/2024 3:10,17,1/8/2024 7:00,1/8/2024 7:15,144,354,Terminal 2,G45,On Time
279076,1/7/2024,United Airlines,DE960,ORD,LHR,1/8/2024 4:00,1/8/2024 4:10,81,1/8/2024 8:00,1/8/2024 8:15,167,387,Terminal 5,G18,On Time
159476,1/7/2024,Lufthansa,DE726,DFW,CDG,1/8/2024 5:00,1/8/2024 5:10,28,1/8/2024 9:00,1/8/2024 9:15,10,95,Terminal 4,G42,On Time
580451,1/8/2024,Emirates,AM777,ATL,SYD,1/8/2024 6:00,1/8/2024 6:10,43,1/8/2024 10:00,1/8/2024 10:15,110,268,Terminal 5,G21,Delayed
672197,1/8/2024,United Airlines,AM224,JFK,LHR,1/8/2024 7:00,1/8/2024 7:10,107,1/8/2024 11:00,1/8/2024 11:15,159,231,Terminal 4,G45,Delayed
146939,1/8/2024,Emirates,EM249,LAX,SYD,1/8/2024 8:00,1/8/2024 8:10,109,1/8/2024 12:00,1/8/2024 12:15,118,254,Terminal 4,G2,Delayed
899594,1/8/2024,Emirates,UN361,ATL,LHR,1/8/2024 9:00,1/8/2024 9:10,26,1/8/2024 13:00,1/8/2024 13:15,76,97,Terminal 1,G21,On Time
966605,1/8/2024,American Airlines,DE608,DFW,CDG,1/8/2024 10:00,1/8/2024 10:10,87,1/8/2024 14:00,1/8/2024 14:15,125,152,Terminal 2,G5,Delayed
849948,1/8/2024,Lufthansa,LU212,LAX,DXB,1/8/2024 11:00,1/8/2024 11:10,56,1/8/2024 15:00,1/8/2024 15:15,56,81,Terminal 5,G18,Delayed
127021,1/8/2024,Emirates,DE198,ORD,HND,1/8/2024 12:00,1/8/2024 12:10,60,1/8/2024 16:00,1/8/2024 16:15,134,275,Terminal 4,G40,Delayed
317567,1/8/2024,American Airlines,EM627,LAX,CDG,1/8/2024 13:00,1/8/2024 13:10,70,1/8/2024 17:00,1/8/2024 17:15,107,173,Terminal 4,G2,Cancelled
616506,1/8/2024,American Airlines,AM261,DFW,LHR,1/8/2024 14:00,1/8/2024 14:10,75,1/8/2024 18:00,1/8/2024 18:15,147,367,Terminal 4,G20,Cancelled
665993,1/8/2024,Delta,EM868,JFK,DXB,1/8/2024 15:00,1/8/2024 15:10,56,1/8/2024 19:00,1/8/2024 19:15,22,313,Terminal 4,G33,Delayed
193320,1/8/2024,United Airlines,DE713,ORD,HND,1/8/2024 16:00,1/8/2024 16:10,11,1/8/2024 20:00,1/8/2024 20:15,56,274,Terminal 2,G49,Delayed
997839,1/8/2024,Emirates,LU867,DFW,SYD,1/8/2024 17:00,1/8/2024 17:10,116,1/8/2024 21:00,1/8/2024 21:15,149,90,Terminal 1,G30,Delayed
102235,1/8/2024,Lufthansa,EM875,ATL,DXB,1/8/2024 18:00,1/8/2024 18:10,42,1/8/2024 22:00,1/8/2024 22:15,168,381,Terminal 2,G48,Cancelled
221295,1/8/2024,Delta,AM793,LAX,SYD,1/8/2024 19:00,1/8/2024 19:10,66,1/8/2024 23:00,1/8/2024 23:15,35,393,Terminal 3,G15,Delayed
103207,1/8/2024,Emirates,LU932,LAX,SYD,1/8/2024 20:00,1/8/2024 20:10,88,1/9/2024 0:00,1/9/2024 0:15,100,198,Terminal 3,G23,On Time
361177,1/8/2024,Emirates,DE234,LAX,CDG,1/8/2024 21:00,1/8/2024 21:10,35,1/9/2024 1:00,1/9/2024 1:15,160,311,Terminal 3,G47,Cancelled
764810,1/8/2024,Emirates,DE497,DFW,CDG,1/8/2024 22:00,1/8/2024 22:10,75,1/9/2024 2:00,1/9/2024 2:15,139,198,Terminal 4,G39,Cancelled
250268,1/8/2024,Lufthansa,LU831,LAX,CDG,1/8/2024 23:00,1/8/2024 23:10,24,1/9/2024 3:00,1/9/2024 3:15,34,398,Terminal 1,G32,Delayed
941171,1/8/2024,Lufthansa,UN405,ATL,SYD,1/9/2024 0:00,1/9/2024 0:10,105,1/9/2024 4:00,1/9/2024 4:15,38,214,Terminal 3,G24,On Time
105790,1/8/2024,Emirates,UN190,LAX,SYD,1/9/2024 1:00,1/9/2024 1:10,68,1/9/2024 5:00,1/9/2024 5:15,22,188,Terminal 2,G18,Delayed
627200,1/8/2024,United Airlines,DE101,DFW,HND,1/9/2024 2:00,1/9/2024 2:10,102,1/9/2024 6:00,1/9/2024 6:15,56,207,Terminal 1,G15,Delayed
259620,1/8/2024,American Airlines,DE165,ATL,LHR,1/9/2024 3:00,1/9/2024 3:10,73,1/9/2024 7:00,1/9/2024 7:15,56,151,Terminal 3,G19,Delayed
988223,1/8/2024,United Airlines,AM826,JFK,HND,1/9/2024 4:00,1/9/2024 4:10,3,1/9/2024 8:00,1/9/2024 8:15,56,65,Terminal 2,G21,Delayed
350959,1/8/2024,Delta,AM324,DFW,CDG,1/9/2024 5:00,1/9/2024 5:10,39,1/9/2024 9:00,1/9/2024 9:15,89,52,Terminal 5,G16,Delayed
369570,1/9/2024,Delta,DE225,ORD,LHR,1/9/2024 6:00,1/9/2024 6:10,39,1/9/2024 10:00,1/9/2024 10:15,159,287,Terminal 2,G25,Cancelled
201540,1/9/2024,United Airlines,LU565,ATL,CDG,1/9/2024 7:00,1/9/2024 7:10,77,1/9/2024 11:00,1/9/2024 11:15,76,380,Terminal 3,G19,Cancelled
952221,1/9/2024,Lufthansa,UN945,ORD,DXB,1/9/2024 8:00,1/9/2024 8:10,86,1/9/2024 12:00,1/9/2024 12:15,56,199,Terminal 5,G40,Delayed
905762,1/9/2024,Lufthansa,LU445,ORD,CDG,1/9/2024 9:00,1/9/2024 9:10,12,1/9/2024 13:00,1/9/2024 13:15,119,222,Terminal 5,G37,Cancelled
524688,1/9/2024,United Airlines,EM740,JFK,LHR,1/9/2024 10:00,1/9/2024 10:10,55,1/9/2024 14:00,1/9/2024 14:15,9,395,Terminal 5,G26,Cancelled
110096,1/9/2024,American Airlines,LU766,ORD,HND,1/9/2024 11:00,1/9/2024 11:10,36,1/9/2024 15:00,1/9/2024 15:15,41,280,Terminal 3,G7,On Time
726292,1/9/2024,Lufthansa,LU351,ORD,CDG,1/9/2024 12:00,1/9/2024 12:10,56,1/9/2024 16:00,1/9/2024 16:15,56,300,Terminal 2,G46,On Time
818651,1/9/2024,Delta,AM326,ATL,SYD,1/9/2024 13:00,1/9/2024 13:10,68,1/9/2024 17:00,1/9/2024 17:15,91,290,Terminal 1,G4,Cancelled
744368,1/9/2024,Emirates,UN844,ORD,DXB,1/9/2024 14:00,1/9/2024 14:10,3,1/9/2024 18:00,1/9/2024 18:15,56,198,Terminal 2,G32,On Time
125782,1/9/2024,American Airlines,AM497,LAX,SYD,1/9/2024 15:00,1/9/2024 15:10,58,1/9/2024 19:00,1/9/2024 19:15,0,112,Terminal 1,G32,Delayed
704821,1/9/2024,United Airlines,UN414,LAX,LHR,1/9/2024 16:00,1/9/2024 16:10,91,1/9/2024 20:00,1/9/2024 20:15,56,381,Terminal 1,G47,Delayed
586579,1/9/2024,United Airlines,DE400,ATL,DXB,1/9/2024 17:00,1/9/2024 17:10,26,1/9/2024 21:00,1/9/2024 21:15,99,200,Terminal 5,G37,On Time
464376,1/9/2024,Emirates,AM414,ATL,HND,1/9/2024 18:00,1/9/2024 18:10,10,1/9/2024 22:00,1/9/2024 22:15,22,265,Terminal 3,G39,On Time
612822,1/9/2024,American Airlines,EM502,DFW,CDG,1/9/2024 19:00,1/9/2024 19:10,56,1/9/2024 23:00,1/9/2024 23:15,118,227,Terminal 5,G41,Cancelled
838505,1/9/2024,United Airlines,AM279,DFW,CDG,1/9/2024 20:00,1/9/2024 20:10,49,1/10/2024 0:00,1/10/2024 0:15,56,101,Terminal 1,G29,On Time
645527,1/9/2024,Lufthansa,UN123,LAX,DXB,1/9/2024 21:00,1/9/2024 21:10,49,1/10/2024 1:00,1/10/2024 1:15,163,306,Terminal 3,G30,Delayed
660745,1/9/2024,Delta,LU370,ORD,HND,1/9/2024 22:00,1/9/2024 22:10,67,1/10/2024 2:00,1/10/2024 2:15,163,157,Terminal 1,G10,On Time
945822,1/9/2024,Emirates,UN758,ORD,HND,1/9/2024 23:00,1/9/2024 23:10,86,1/10/2024 3:00,1/10/2024 3:15,56,99,Terminal 1,G10,On Time
935533,1/9/2024,United Airlines,DE421,JFK,DXB,1/10/2024 0:00,1/10/2024 0:10,56,1/10/2024 4:00,1/10/2024 4:15,78,255,Terminal 2,G11,Delayed
470720,1/9/2024,American Airlines,AM624,ORD,DXB,1/10/2024 1:00,1/10/2024 1:10,35,1/10/2024 5:00,1/10/2024 5:15,-2,175,Terminal 3,G10,Delayed
219297,1/9/2024,Emirates,UN897,DFW,LHR,1/10/2024 2:00,1/10/2024 2:10,31,1/10/2024 6:00,1/10/2024 6:15,179,152,Terminal 1,G45,Delayed
520006,1/9/2024,Emirates,DE450,DFW,DXB,1/10/2024 3:00,1/10/2024 3:10,91,1/10/2024 7:00,1/10/2024 7:15,176,139,Terminal 4,G28,Cancelled
517947,1/9/2024,American Airlines,UN476,LAX,DXB,1/10/2024 4:00,1/10/2024 4:10,91,1/10/2024 8:00,1/10/2024 8:15,180,237,Terminal 1,G20,Delayed
188465,1/9/2024,Delta,DE729,LAX,HND,1/10/2024 5:00,1/10/2024 5:10,103,1/10/2024 9:00,1/10/2024 9:15,146,163,Terminal 2,G25,Cancelled
689831,1/10/2024,American Airlines,EM265,ATL,HND,1/10/2024 6:00,1/10/2024 6:10,56,1/10/2024 10:00,1/10/2024 10:15,13,174,Terminal 4,G47,Cancelled
119373,1/10/2024,United Airlines,UN756,JFK,SYD,1/10/2024 7:00,1/10/2024 7:10,110,1/10/2024 11:00,1/10/2024 11:15,111,271,Terminal 3,G44,On Time
622906,1/10/2024,United Airlines,DE546,DFW,SYD,1/10/2024 8:00,1/10/2024 8:10,29,1/10/2024 12:00,1/10/2024 12:15,56,150,Terminal 2,G6,Cancelled
515490,1/10/2024,Lufthansa,UN336,LAX,HND,1/10/2024 9:00,1/10/2024 9:10,56,1/10/2024 13:00,1/10/2024 13:15,56,70,Terminal 2,G49,Cancelled
373396,1/10/2024,American Airlines,LU256,LAX,DXB,1/10/2024 10:00,1/10/2024 10:10,41,1/10/2024 14:00,1/10/2024 14:15,56,220,Terminal 4,G21,Delayed
427606,1/10/2024,United Airlines,EM556,ORD,CDG,1/10/2024 11:00,1/10/2024 11:10,41,1/10/2024 15:00,1/10/2024 15:15,175,283,Terminal 2,G16,On Time
378775,1/10/2024,Emirates,LU283,DFW,DXB,1/10/2024 12:00,1/10/2024 12:10,21,1/10/2024 16:00,1/10/2024 16:15,153,230,Terminal 2,G16,Delayed
728331,1/10/2024,Emirates,DE126,LAX,CDG,1/10/2024 13:00,1/10/2024 13:10,81,1/10/2024 17:00,1/10/2024 17:15,130,287,Terminal 1,G3,Delayed
150306,1/10/2024,Emirates,UN602,ORD,HND,1/10/2024 14:00,1/10/2024 14:10,40,1/10/2024 18:00,1/10/2024 18:15,112,308,Terminal 2,G1,On Time
394331,1/10/2024,American Airlines,AM578,JFK,CDG,1/10/2024 15:00,1/10/2024 15:10,29,1/10/2024 19:00,1/10/2024 19:15,136,244,Terminal 3,G10,Cancelled
334236,1/10/2024,Emirates,EM225,ATL,HND,1/10/2024 16:00,1/10/2024 16:10,56,1/10/2024 20:00,1/10/2024 20:15,173,256,Terminal 2,G32,Cancelled
922164,1/10/2024,Delta,DE952,DFW,HND,1/10/2024 17:00,1/10/2024 17:10,56,1/10/2024 21:00,1/10/2024 21:15,50,78,Terminal 3,G1,On Time
718639,1/10/2024,American Airlines,EM696,LAX,LHR,1/10/2024 18:00,1/10/2024 18:10,-3,1/10/2024 22:00,1/10/2024 22:15,22,282,Terminal 1,G9,Delayed
402964,1/10/2024,United Airlines,DE458,ORD,HND,1/10/2024 19:00,1/10/2024 19:10,110,1/10/2024 23:00,1/10/2024 23:15,141,79,Terminal 3,G30,On Time
881038,1/10/2024,Emirates,LU990,ORD,SYD,1/10/2024 20:00,1/10/2024 20:10,6,1/11/2024 0:00,1/11/2024 0:15,109,145,Terminal 4,G50,Cancelled
804007,1/10/2024,United Airlines,UN621,DFW,SYD,1/10/2024 21:00,1/10/2024 21:10,18,1/11/2024 1:00,1/11/2024 1:15,38,222,Terminal 1,G24,Delayed
840390,1/10/2024,Delta,DE482,ORD,SYD,1/10/2024 22:00,1/10/2024 22:10,113,1/11/2024 2:00,1/11/2024 2:15,100,61,Terminal 5,G48,Cancelled
518045,1/10/2024,Emirates,EM444,ORD,DXB,1/10/2024 23:00,1/10/2024 23:10,36,1/11/2024 3:00,1/11/2024 3:15,16,283,Terminal 5,G4,On Time
852376,1/10/2024,Lufthansa,DE665,DFW,HND,1/11/2024 0:00,1/11/2024 0:10,-1,1/11/2024 4:00,1/11/2024 4:15,56,245,Terminal 4,G31,Cancelled
178530,1/10/2024,United Airlines,EM707,JFK,CDG,1/11/2024 1:00,1/11/2024 1:10,65,1/11/2024 5:00,1/11/2024 5:15,158,268,Terminal 4,G27,Delayed
555260,1/10/2024,United Airlines,EM835,DFW,HND,1/11/2024 2:00,1/11/2024 2:10,36,1/11/2024 6:00,1/11/2024 6:15,161,268,Terminal 2,G40,On Time
778277,1/10/2024,Lufthansa,EM271,JFK,SYD,1/11/2024 3:00,1/11/2024 3:10,85,1/11/2024 7:00,1/11/2024 7:15,115,72,Terminal 1,G31,On Time
248174,1/10/2024,United Airlines,UN534,ORD,HND,1/11/2024 4:00,1/11/2024 4:10,10,1/11/2024 8:00,1/11/2024 8:15,-5,247,Terminal 4,G49,On Time
231216,1/10/2024,United Airlines,EM352,DFW,DXB,1/11/2024 5:00,1/11/2024 5:10,108,1/11/2024 9:00,1/11/2024 9:15,113,344,Terminal 4,G45,Cancelled
822953,1/11/2024,United Airlines,EM243,ATL,DXB,1/11/2024 6:00,1/11/2024 6:10,56,1/11/2024 10:00,1/11/2024 10:15,56,378,Terminal 5,G28,Delayed
277106,1/11/2024,Delta,AM198,ORD,CDG,1/11/2024 7:00,1/11/2024 7:10,56,1/11/2024 11:00,1/11/2024 11:15,28,394,Terminal 3,G45,On Time
588886,1/11/2024,United Airlines,LU303,ATL,CDG,1/11/2024 8:00,1/11/2024 8:10,42,1/11/2024 12:00,1/11/2024 12:15,167,232,Terminal 2,G37,Cancelled
823326,1/11/2024,Lufthansa,AM664,LAX,DXB,1/11/2024 9:00,1/11/2024 9:10,92,1/11/2024 13:00,1/11/2024 13:15,96,59,Terminal 5,G16,On Time
980871,1/11/2024,Lufthansa,EM244,JFK,SYD,1/11/2024 10:00,1/11/2024 10:10,-5,1/11/2024 14:00,1/11/2024 14:15,13,313,Terminal 2,G35,On Time
565473,1/11/2024,American Airlines,EM895,JFK,SYD,1/11/2024 11:00,1/11/2024 11:10,104,1/11/2024 15:00,1/11/2024 15:15,91,234,Terminal 1,G45,Cancelled
238657,1/11/2024,Emirates,UN591,JFK,DXB,1/11/2024 12:00,1/11/2024 12:10,95,1/11/2024 16:00,1/11/2024 16:15,56,125,Terminal 1,G3,On Time
552489,1/11/2024,American Airlines,AM680,LAX,SYD,1/11/2024 13:00,1/11/2024 13:10,43,1/11/2024 17:00,1/11/2024 17:15,81,268,Terminal 1,G21,Delayed
209738,1/11/2024,Lufthansa,UN161,LAX,SYD,1/11/2024 14:00,1/11/2024 14:10,-2,1/11/2024 18:00,1/11/2024 18:15,111,91,Terminal 4,G7,Delayed
119560,1/11/2024,American Airlines,AM123,ORD,DXB,1/11/2024 15:00,1/11/2024 15:10,82,1/11/2024 19:00,1/11/2024 19:15,56,74,Terminal 2,G17,On Time
457016,1/11/2024,Emirates,AM732,ATL,HND,1/11/2024 16:00,1/11/2024 16:10,111,1/11/2024 20:00,1/11/2024 20:15,0,265,Terminal 4,G23,On Time
381613,1/11/2024,Lufthansa,DE758,JFK,SYD,1/11/2024 17:00,1/11/2024 17:10,70,1/11/2024 21:00,1/11/2024 21:15,56,312,Terminal 3,G16,Delayed
918437,1/11/2024,Lufthansa,LU276,DFW,LHR,1/11/2024 18:00,1/11/2024 18:10,22,1/11/2024 22:00,1/11/2024 22:15,30,365,Terminal 5,G36,On Time
779667,1/11/2024,Delta,LU421,LAX,LHR,1/11/2024 19:00,1/11/2024 19:10,99,1/11/2024 23:00,1/11/2024 23:15,56,259,Terminal 2,G25,On Time
930062,1/11/2024,Delta,DE769,ORD,SYD,1/11/2024 20:00,1/11/2024 20:10,56,1/12/2024 0:00,1/12/2024 0:15,56,240,Terminal 1,G42,Delayed
998843,1/11/2024,Emirates,AM836,JFK,LHR,1/11/2024 21:00,1/11/2024 21:10,28,1/12/2024 1:00,1/12/2024 1:15,138,227,Terminal 3,G39,Cancelled
139429,1/11/2024,Lufthansa,EM249,ATL,SYD,1/11/2024 22:00,1/11/2024 22:10,66,1/12/2024 2:00,1/12/2024 2:15,152,157,Terminal 1,G44,Delayed
277600,1/11/2024,United Airlines,DE419,ORD,CDG,1/11/2024 23:00,1/11/2024 23:10,103,1/12/2024 3:00,1/12/2024 3:15,56,119,Terminal 4,G1,Delayed
859347,1/11/2024,Lufthansa,EM961,JFK,DXB,1/12/2024 0:00,1/12/2024 0:10,120,1/12/2024 4:00,1/12/2024 4:15,56,247,Terminal 3,G8,On Time
500099,1/11/2024,American Airlines,LU628,DFW,CDG,1/12/2024 1:00,1/12/2024 1:10,41,1/12/2024 5:00,1/12/2024 5:15,26,180,Terminal 1,G28,Delayed
120266,1/11/2024,Lufthansa,DE350,LAX,HND,1/12/2024 2:00,1/12/2024 2:10,41,1/12/2024 6:00,1/12/2024 6:15,14,304,Terminal 4,G34,Delayed
881887,1/11/2024,United Airlines,DE397,DFW,CDG,1/12/2024 3:00,1/12/2024 3:10,15,1/12/2024 7:00,1/12/2024 7:15,134,188,Terminal 5,G5,Delayed
990575,1/11/2024,Delta,EM880,JFK,CDG,1/12/2024 4:00,1/12/2024 4:10,89,1/12/2024 8:00,1/12/2024 8:15,91,104,Terminal 4,G10,Cancelled
288827,1/11/2024,Emirates,LU240,LAX,DXB,1/12/2024 5:00,1/12/2024 5:10,56,1/12/2024 9:00,1/12/2024 9:15,63,382,Terminal 2,G49,On Time
648638,1/12/2024,Lufthansa,EM332,LAX,HND,1/12/2024 6:00,1/12/2024 6:10,74,1/12/2024 10:00,1/12/2024 10:15,23,182,Terminal 1,G3,Delayed
781249,1/12/2024,Delta,DE323,ORD,CDG,1/12/2024 7:00,1/12/2024 7:10,108,1/12/2024 11:00,1/12/2024 11:15,56,82,Terminal 2,G32,On Time
416957,1/12/2024,Lufthansa,DE241,JFK,CDG,1/12/2024 8:00,1/12/2024 8:10,56,1/12/2024 12:00,1/12/2024 12:15,113,142,Terminal 2,G22,Cancelled
992784,1/12/2024,American Airlines,EM970,ATL,LHR,1/12/2024 9:00,1/12/2024 9:10,79,1/12/2024 13:00,1/12/2024 13:15,127,394,Terminal 3,G1,On Time
933829,1/12/2024,Delta,DE324,LAX,SYD,1/12/2024 10:00,1/12/2024 10:10,56,1/12/2024 14:00,1/12/2024 14:15,11,189,Terminal 1,G4,On Time
532295,1/12/2024,Lufthansa,DE115,JFK,HND,1/12/2024 11:00,1/12/2024 11:10,67,1/12/2024 15:00,1/12/2024 15:15,56,57,Terminal 3,G2,Cancelled
472979,1/12/2024,American Airlines,DE215,LAX,HND,1/12/2024 12:00,1/12/2024 12:10,109,1/12/2024 16:00,1/12/2024 16:15,67,395,Terminal 5,G26,Cancelled
856055,1/12/2024,Lufthansa,AM167,ORD,HND,1/12/2024 13:00,1/12/2024 13:10,-2,1/12/2024 17:00,1/12/2024 17:15,15,183,Terminal 4,G40,On Time
447174,1/12/2024,Lufthansa,EM534,ATL,CDG,1/12/2024 14:00,1/12/2024 14:10,-3,1/12/2024 18:00,1/12/2024 18:15,56,150,Terminal 1,G50,Delayed
713128,1/12/2024,Delta,EM952,ORD,HND,1/12/2024 15:00,1/12/2024 15:10,77,1/12/2024 19:00,1/12/2024 19:15,103,341,Terminal 5,G40,Delayed
249018,1/12/2024,American Airlines,EM289,LAX,DXB,1/12/2024 16:00,1/12/2024 16:10,56,1/12/2024 20:00,1/12/2024 20:15,40,273,Terminal 4,G44,On Time
195440,1/12/2024,United Airlines,DE388,ORD,HND,1/12/2024 17:00,1/12/2024 17:10,-3,1/12/2024 21:00,1/12/2024 21:15,33,316,Terminal 3,G6,Cancelled
841647,1/12/2024,Lufthansa,AM576,DFW,CDG,1/12/2024 18:00,1/12/2024 18:10,56,1/12/2024 22:00,1/12/2024 22:15,140,195,Terminal 1,G23,Cancelled
656166,1/12/2024,American Airlines,LU614,LAX,HND,1/12/2024 19:00,1/12/2024 19:10,40,1/12/2024 23:00,1/12/2024 23:15,29,313,Terminal 5,G24,Delayed
716302,1/12/2024,Delta,DE968,DFW,SYD,1/12/2024 20:00,1/12/2024 20:10,79,1/13/2024 0:00,1/13/2024 0:15,146,157,Terminal 4,G34,Cancelled
432465,1/12/2024,Emirates,EM443,LAX,DXB,1/12/2024 21:00,1/12/2024 21:10,56,1/13/2024 1:00,1/13/2024 1:15,124,212,Terminal 4,G23,On Time
501667,1/12/2024,Delta,UN241,LAX,LHR,1/12/2024 22:00,1/12/2024 22:10,92,1/13/2024 2:00,1/13/2024 2:15,26,348,Terminal 2,G37,On Time
667205,1/12/2024,American Airlines,AM589,ORD,HND,1/12/2024 23:00,1/12/2024 23:10,41,1/13/2024 3:00,1/13/2024 3:15,32,248,Terminal 4,G15,Delayed
631777,1/12/2024,Delta,LU124,DFW,HND,1/13/2024 0:00,1/13/2024 0:10,85,1/13/2024 4:00,1/13/2024 4:15,56,75,Terminal 1,G38,Cancelled
947565,1/12/2024,United Airlines,AM537,DFW,SYD,1/13/2024 1:00,1/13/2024 1:10,69,1/13/2024 5:00,1/13/2024 5:15,119,53,Terminal 3,G43,Cancelled
520173,1/12/2024,Delta,DE858,ATL,DXB,1/13/2024 2:00,1/13/2024 2:10,56,1/13/2024 6:00,1/13/2024 6:15,56,52,Terminal 3,G11,Delayed
362327,1/12/2024,Lufthansa,EM676,DFW,HND,1/13/2024 3:00,1/13/2024 3:10,55,1/13/2024 7:00,1/13/2024 7:15,78,84,Terminal 4,G10,Cancelled
755109,1/12/2024,Lufthansa,LU509,ATL,CDG,1/13/2024 4:00,1/13/2024 4:10,28,1/13/2024 8:00,1/13/2024 8:15,72,332,Terminal 1,G17,Cancelled
704117,1/12/2024,Lufthansa,UN766,ATL,CDG,1/13/2024 5:00,1/13/2024 5:10,107,1/13/2024 9:00,1/13/2024 9:15,147,387,Terminal 4,G17,Delayed
327769,1/13/2024,Delta,LU727,LAX,CDG,1/13/2024 6:00,1/13/2024 6:10,56,1/13/2024 10:00,1/13/2024 10:15,78,129,Terminal 3,G21,Cancelled
991091,1/13/2024,Lufthansa,UN853,ORD,LHR,1/13/2024 7:00,1/13/2024 7:10,76,1/13/2024 11:00,1/13/2024 11:15,56,53,Terminal 5,G23,On Time
301300,1/13/2024,American Airlines,UN560,ORD,SYD,1/13/2024 8:00,1/13/2024 8:10,20,1/13/2024 12:00,1/13/2024 12:15,56,312,Terminal 4,G28,On Time
801157,1/13/2024,Emirates,AM459,LAX,HND,1/13/2024 9:00,1/13/2024 9:10,40,1/13/2024 13:00,1/13/2024 13:15,35,299,Terminal 5,G22,On Time
713407,1/13/2024,Lufthansa,LU787,DFW,DXB,1/13/2024 10:00,1/13/2024 10:10,60,1/13/2024 14:00,1/13/2024 14:15,16,104,Terminal 4,G12,Cancelled
571637,1/13/2024,United Airlines,UN546,LAX,HND,1/13/2024 11:00,1/13/2024 11:10,29,1/13/2024 15:00,1/13/2024 15:15,164,248,Terminal 2,G14,Cancelled
387759,1/13/2024,United Airlines,EM179,LAX,CDG,1/13/2024 12:00,1/13/2024 12:10,5,1/13/2024 16:00,1/13/2024 16:15,31,373,Terminal 2,G12,Delayed
469389,1/13/2024,United Airlines,DE316,ORD,DXB,1/13/2024 13:00,1/13/2024 13:10,64,1/13/2024 17:00,1/13/2024 17:15,62,160,Terminal 4,G9,Cancelled
299431,1/13/2024,United Airlines,EM115,DFW,LHR,1/13/2024 14:00,1/13/2024 14:10,108,1/13/2024 18:00,1/13/2024 18:15,7,321,Terminal 5,G7,Cancelled
735950,1/13/2024,Lufthansa,LU807,DFW,CDG,1/13/2024 15:00,1/13/2024 15:10,58,1/13/2024 19:00,1/13/2024 19:15,114,332,Terminal 3,G20,Cancelled
166470,1/13/2024,Lufthansa,LU905,LAX,HND,1/13/2024 16:00,1/13/2024 16:10,9,1/13/2024 20:00,1/13/2024 20:15,153,112,Terminal 4,G48,Delayed
658095,1/13/2024,Lufthansa,EM732,LAX,LHR,1/13/2024 17:00,1/13/2024 17:10,6,1/13/2024 21:00,1/13/2024 21:15,79,353,Terminal 4,G35,Delayed
144721,1/13/2024,American Airlines,UN489,ATL,CDG,1/13/2024 18:00,1/13/2024 18:10,79,1/13/2024 22:00,1/13/2024 22:15,56,160,Terminal 1,G40,On Time
284785,1/13/2024,Delta,LU271,JFK,DXB,1/13/2024 19:00,1/13/2024 19:10,85,1/13/2024 23:00,1/13/2024 23:15,70,396,Terminal 4,G20,Cancelled
344610,1/13/2024,United Airlines,LU823,ORD,LHR,1/13/2024 20:00,1/13/2024 20:10,10,1/14/2024 0:00,1/14/2024 0:15,56,347,Terminal 1,G18,Delayed
667379,1/13/2024,American Airlines,LU294,LAX,CDG,1/13/2024 21:00,1/13/2024 21:10,24,1/14/2024 1:00,1/14/2024 1:15,30,373,Terminal 2,G50,Delayed
408319,1/13/2024,American Airlines,AM678,DFW,CDG,1/13/2024 22:00,1/13/2024 22:10,73,1/14/2024 2:00,1/14/2024 2:15,57,378,Terminal 1,G6,Delayed
683488,1/13/2024,Emirates,LU618,JFK,CDG,1/13/2024 23:00,1/13/2024 23:10,80,1/14/2024 3:00,1/14/2024 3:15,40,124,Terminal 5,G13,Delayed
562311,1/13/2024,Lufthansa,DE141,DFW,LHR,1/14/2024 0:00,1/14/2024 0:10,21,1/14/2024 4:00,1/14/2024 4:15,163,294,Terminal 5,G40,On Time
530565,1/13/2024,United Airlines,LU215,ATL,HND,1/14/2024 1:00,1/14/2024 1:10,29,1/14/2024 5:00,1/14/2024 5:15,77,91,Terminal 5,G50,Delayed
188351,1/13/2024,American Airlines,DE730,DFW,SYD,1/14/2024 2:00,1/14/2024 2:10,30,1/14/2024 6:00,1/14/2024 6:15,108,339,Terminal 2,G37,On Time
923022,1/13/2024,American Airlines,EM611,DFW,SYD,1/14/2024 3:00,1/14/2024 3:10,56,1/14/2024 7:00,1/14/2024 7:15,26,98,Terminal 5,G37,Cancelled
770039,1/13/2024,Emirates,EM148,JFK,SYD,1/14/2024 4:00,1/14/2024 4:10,-4,1/14/2024 8:00,1/14/2024 8:15,44,309,Terminal 1,G24,Delayed
418482,1/13/2024,Lufthansa,EM750,ORD,DXB,1/14/2024 5:00,1/14/2024 5:10,107,1/14/2024 9:00,1/14/2024 9:15,56,353,Terminal 4,G42,On Time
418411,1/14/2024,Lufthansa,AM231,JFK,CDG,1/14/2024 6:00,1/14/2024 6:10,7,1/14/2024 10:00,1/14/2024 10:15,56,344,Terminal 4,G6,Cancelled
367404,1/14/2024,United Airlines,DE197,DFW,DXB,1/14/2024 7:00,1/14/2024 7:10,56,1/14/2024 11:00,1/14/2024 11:15,171,162,Terminal 4,G29,Cancelled
334731,1/14/2024,Lufthansa,DE247,JFK,HND,1/14/2024 8:00,1/14/2024 8:10,93,1/14/2024 12:00,1/14/2024 12:15,158,336,Terminal 1,G26,Delayed
867471,1/14/2024,Lufthansa,LU934,DFW,CDG,1/14/2024 9:00,1/14/2024 9:10,25,1/14/2024 13:00,1/14/2024 13:15,56,104,Terminal 4,G37,On Time
850886,1/14/2024,Delta,DE849,DFW,SYD,1/14/2024 10:00,1/14/2024 10:10,60,1/14/2024 14:00,1/14/2024 14:15,129,362,Terminal 1,G39,Cancelled
988379,1/14/2024,Lufthansa,EM245,JFK,CDG,1/14/2024 11:00,1/14/2024 11:10,99,1/14/2024 15:00,1/14/2024 15:15,103,323,Terminal 1,G13,Delayed
335503,1/14/2024,Delta,AM816,DFW,LHR,1/14/2024 12:00,1/14/2024 12:10,0,1/14/2024 16:00,1/14/2024 16:15,113,294,Terminal 2,G14,Delayed
802153,1/14/2024,Lufthansa,EM683,DFW,CDG,1/14/2024 13:00,1/14/2024 13:10,87,1/14/2024 17:00,1/14/2024 17:15,127,359,Terminal 2,G4,Delayed
808681,1/14/2024,Lufthansa,AM341,DFW,LHR,1/14/2024 14:00,1/14/2024 14:10,56,1/14/2024 18:00,1/14/2024 18:15,40,115,Terminal 4,G16,Delayed
905569,1/14/2024,Delta,AM315,JFK,CDG,1/14/2024 15:00,1/14/2024 15:10,17,1/14/2024 19:00,1/14/2024 19:15,120,99,Terminal 5,G36,Delayed
562597,1/14/2024,Emirates,UN187,ATL,DXB,1/14/2024 16:00,1/14/2024 16:10,56,1/14/2024 20:00,1/14/2024 20:15,122,261,Terminal 4,G6,Delayed
343109,1/14/2024,United Airlines,EM337,JFK,SYD,1/14/2024 17:00,1/14/2024 17:10,56,1/14/2024 21:00,1/14/2024 21:15,152,220,Terminal 2,G21,Cancelled
496091,1/14/2024,United Airlines,AM214,DFW,SYD,1/14/2024 18:00,1/14/2024 18:10,13,1/14/2024 22:00,1/14/2024 22:15,56,51,Terminal 3,G28,Cancelled
908595,1/14/2024,Emirates,LU176,LAX,LHR,1/14/2024 19:00,1/14/2024 19:10,56,1/14/2024 23:00,1/14/2024 23:15,71,99,Terminal 3,G38,On Time
775393,1/14/2024,Lufthansa,LU515,LAX,DXB,1/14/2024 20:00,1/14/2024 20:10,56,1/15/2024 0:00,1/15/2024 0:15,53,318,Terminal 3,G21,Delayed
777331,1/14/2024,United Airlines,UN780,ORD,CDG,1/14/2024 21:00,1/14/2024 21:10,32,1/15/2024 1:00,1/15/2024 1:15,56,87,Terminal 2,G38,On Time
138792,1/14/2024,American Airlines,LU414,LAX,CDG,1/14/2024 22:00,1/14/2024 22:10,86,1/15/2024 2:00,1/15/2024 2:15,93,288,Terminal 4,G3,Cancelled
750620,1/14/2024,Emirates,EM998,ORD,SYD,1/14/2024 23:00,1/14/2024 23:10,35,1/15/2024 3:00,1/15/2024 3:15,109,235,Terminal 5,G31,On Time
986778,1/14/2024,Lufthansa,LU696,LAX,SYD,1/15/2024 0:00,1/15/2024 0:10,56,1/15/2024 4:00,1/15/2024 4:15,106,283,Terminal 3,G1,Cancelled
164945,1/14/2024,United Airlines,LU140,ATL,SYD,1/15/2024 1:00,1/15/2024 1:10,94,1/15/2024 5:00,1/15/2024 5:15,56,265,Terminal 2,G23,Delayed
636965,1/14/2024,Emirates,LU217,ATL,DXB,1/15/2024 2:00,1/15/2024 2:10,66,1/15/2024 6:00,1/15/2024 6:15,156,54,Terminal 1,G48,Delayed
445283,1/14/2024,American Airlines,DE718,ATL,LHR,1/15/2024 3:00,1/15/2024 3:10,56,1/15/2024 7:00,1/15/2024 7:15,56,102,Terminal 1,G43,On Time
559650,1/14/2024,American Airlines,UN926,LAX,SYD,1/15/2024 4:00,1/15/2024 4:10,70,1/15/2024 8:00,1/15/2024 8:15,150,311,Terminal 2,G44,Delayed
455939,1/14/2024,Emirates,UN438,LAX,SYD,1/15/2024 5:00,1/15/2024 5:10,9,1/15/2024 9:00,1/15/2024 9:15,161,66,Terminal 5,G49,On Time
333543,1/15/2024,American Airlines,DE910,ORD,HND,1/15/2024 6:00,1/15/2024 6:10,-1,1/15/2024 10:00,1/15/2024 10:15,151,316,Terminal 5,G28,On Time
915701,1/15/2024,United Airlines,DE220,ATL,HND,1/15/2024 7:00,1/15/2024 7:10,119,1/15/2024 11:00,1/15/2024 11:15,158,270,Terminal 4,G39,Cancelled
874016,1/15/2024,United Airlines,EM605,DFW,SYD,1/15/2024 8:00,1/15/2024 8:10,56,1/15/2024 12:00,1/15/2024 12:15,56,275,Terminal 5,G24,On Time
590570,1/15/2024,Delta,UN564,ATL,CDG,1/15/2024 9:00,1/15/2024 9:10,74,1/15/2024 13:00,1/15/2024 13:15,121,400,Terminal 1,G46,Cancelled
732134,1/15/2024,Delta,AM345,LAX,LHR,1/15/2024 10:00,1/15/2024 10:10,-4,1/15/2024 14:00,1/15/2024 14:15,56,213,Terminal 4,G5,Delayed
420822,1/15/2024,United Airlines,UN161,ORD,LHR,1/15/2024 11:00,1/15/2024 11:10,105,1/15/2024 15:00,1/15/2024 15:15,147,114,Terminal 3,G1,Delayed
564296,1/15/2024,American Airlines,AM606,ORD,HND,1/15/2024 12:00,1/15/2024 12:10,60,1/15/2024 16:00,1/15/2024 16:15,60,114,Terminal 4,G28,Delayed
511404,1/15/2024,Emirates,DE429,LAX,LHR,1/15/2024 13:00,1/15/2024 13:10,12,1/15/2024 17:00,1/15/2024 17:15,77,260,Terminal 3,G14,Delayed
890368,1/15/2024,Delta,EM628,LAX,SYD,1/15/2024 14:00,1/15/2024 14:10,7,1/15/2024 18:00,1/15/2024 18:15,62,117,Terminal 5,G27,On Time
326569,1/15/2024,American Airlines,LU110,ORD,CDG,1/15/2024 15:00,1/15/2024 15:10,85,1/15/2024 19:00,1/15/2024 19:15,99,206,Terminal 3,G8,Cancelled
209773,1/15/2024,Lufthansa,AM511,LAX,LHR,1/15/2024 16:00,1/15/2024 16:10,56,1/15/2024 20:00,1/15/2024 20:15,113,355,Terminal 5,G42,Cancelled
654306,1/15/2024,American Airlines,EM233,LAX,HND,1/15/2024 17:00,1/15/2024 17:10,78,1/15/2024 21:00,1/15/2024 21:15,25,94,Terminal 1,G5,On Time
850074,1/15/2024,Emirates,AM512,LAX,CDG,1/15/2024 18:00,1/15/2024 18:10,23,1/15/2024 22:00,1/15/2024 22:15,157,220,Terminal 5,G9,Delayed
328397,1/15/2024,Emirates,AM841,JFK,LHR,1/15/2024 19:00,1/15/2024 19:10,95,1/15/2024 23:00,1/15/2024 23:15,83,115,Terminal 4,G34,On Time
785689,1/15/2024,Emirates,EM447,ATL,SYD,1/15/2024 20:00,1/15/2024 20:10,56,1/16/2024 0:00,1/16/2024 0:15,56,315,Terminal 5,G32,Delayed
367310,1/15/2024,American Airlines,UN650,ATL,DXB,1/15/2024 21:00,1/15/2024 21:10,81,1/16/2024 1:00,1/16/2024 1:15,56,364,Terminal 3,G19,On Time
288451,1/15/2024,Emirates,EM828,LAX,DXB,1/15/2024 22:00,1/15/2024 22:10,27,1/16/2024 2:00,1/16/2024 2:15,143,165,Terminal 5,G3,Cancelled
844992,1/15/2024,Lufthansa,LU858,LAX,CDG,1/15/2024 23:00,1/15/2024 23:10,56,1/16/2024 3:00,1/16/2024 3:15,39,136,Terminal 5,G46,Delayed
700232,1/15/2024,Delta,UN971,ATL,SYD,1/16/2024 0:00,1/16/2024 0:10,111,1/16/2024 4:00,1/16/2024 4:15,113,311,Terminal 4,G33,On Time
116816,1/15/2024,Delta,AM556,JFK,LHR,1/16/2024 1:00,1/16/2024 1:10,56,1/16/2024 5:00,1/16/2024 5:15,32,104,Terminal 3,G42,Delayed
113661,1/15/2024,Emirates,DE931,JFK,CDG,1/16/2024 2:00,1/16/2024 2:10,80,1/16/2024 6:00,1/16/2024 6:15,39,256,Terminal 5,G8,Cancelled
266144,1/15/2024,Emirates,EM572,ORD,LHR,1/16/2024 3:00,1/16/2024 3:10,16,1/16/2024 7:00,1/16/2024 7:15,91,273,Terminal 2,G5,Delayed
399379,1/15/2024,United Airlines,UN608,DFW,CDG,1/16/2024 4:00,1/16/2024 4:10,98,1/16/2024 8:00,1/16/2024 8:15,77,222,Terminal 2,G30,On Time
722475,1/15/2024,American Airlines,EM985,DFW,LHR,1/16/2024 5:00,1/16/2024 5:10,58,1/16/2024 9:00,1/16/2024 9:15,131,91,Terminal 1,G13,On Time
274000,1/16/2024,American Airlines,DE631,LAX,LHR,1/16/2024 6:00,1/16/2024 6:10,26,1/16/2024 10:00,1/16/2024 10:15,27,299,Terminal 2,G2,Delayed
773480,1/16/2024,Delta,DE465,LAX,SYD,1/16/2024 7:00,1/16/2024 7:10,61,1/16/2024 11:00,1/16/2024 11:15,73,300,Terminal 5,G44,On Time
610868,1/16/2024,United Airlines,LU742,DFW,LHR,1/16/2024 8:00,1/16/2024 8:10,56,1/16/2024 12:00,1/16/2024 12:15,69,152,Terminal 2,G25,Cancelled
663315,1/16/2024,Delta,DE169,ORD,HND,1/16/2024 9:00,1/16/2024 9:10,15,1/16/2024 13:00,1/16/2024 13:15,171,89,Terminal 2,G37,Delayed
934846,1/16/2024,United Airlines,LU641,ATL,DXB,1/16/2024 10:00,1/16/2024 10:10,1,1/16/2024 14:00,1/16/2024 14:15,155,155,Terminal 4,G39,On Time
458500,1/16/2024,Emirates,EM747,ATL,HND,1/16/2024 11:00,1/16/2024 11:10,56,1/16/2024 15:00,1/16/2024 15:15,10,92,Terminal 5,G15,Cancelled
264699,1/16/2024,Delta,EM385,JFK,DXB,1/16/2024 12:00,1/16/2024 12:10,104,1/16/2024 16:00,1/16/2024 16:15,56,364,Terminal 4,G34,Cancelled
988090,1/16/2024,Lufthansa,DE161,JFK,DXB,1/16/2024 13:00,1/16/2024 13:10,56,1/16/2024 17:00,1/16/2024 17:15,179,285,Terminal 5,G10,Delayed
312507,1/16/2024,Delta,AM850,ORD,LHR,1/16/2024 14:00,1/16/2024 14:10,83,1/16/2024 18:00,1/16/2024 18:15,56,198,Terminal 4,G5,Delayed
409752,1/16/2024,United Airlines,LU945,ATL,HND,1/16/2024 15:00,1/16/2024 15:10,48,1/16/2024 19:00,1/16/2024 19:15,71,341,Terminal 1,G18,Cancelled
518900,1/16/2024,Delta,EM892,JFK,DXB,1/16/2024 16:00,1/16/2024 16:10,31,1/16/2024 20:00,1/16/2024 20:15,101,175,Terminal 2,G21,On Time
859635,1/16/2024,Lufthansa,UN716,ORD,CDG,1/16/2024 17:00,1/16/2024 17:10,5,1/16/2024 21:00,1/16/2024 21:15,139,109,Terminal 4,G9,Delayed
790469,1/16/2024,Delta,EM274,JFK,LHR,1/16/2024 18:00,1/16/2024 18:10,56,1/16/2024 22:00,1/16/2024 22:15,46,172,Terminal 3,G35,Delayed
182231,1/16/2024,Lufthansa,EM414,DFW,DXB,1/16/2024 19:00,1/16/2024 19:10,-4,1/16/2024 23:00,1/16/2024 23:15,136,216,Terminal 3,G29,Delayed
432760,1/16/2024,Lufthansa,AM552,ORD,HND,1/16/2024 20:00,1/16/2024 20:10,48,1/17/2024 0:00,1/17/2024 0:15,56,120,Terminal 4,G34,On Time
172762,1/16/2024,Lufthansa,UN945,LAX,LHR,1/16/2024 21:00,1/16/2024 21:10,56,1/17/2024 1:00,1/17/2024 1:15,29,300,Terminal 5,G38,On Time
927843,1/16/2024,Lufthansa,AM515,ATL,LHR,1/16/2024 22:00,1/16/2024 22:10,115,1/17/2024 2:00,1/17/2024 2:15,73,396,Terminal 3,G39,Delayed
267404,1/16/2024,United Airlines,LU538,DFW,DXB,1/16/2024 23:00,1/16/2024 23:10,56,1/17/2024 3:00,1/17/2024 3:15,80,268,Terminal 3,G49,Cancelled
216771,1/16/2024,American Airlines,DE393,ATL,HND,1/17/2024 0:00,1/17/2024 0:10,56,1/17/2024 4:00,1/17/2024 4:15,50,143,Terminal 3,G38,Delayed
892192,1/16/2024,Delta,EM651,JFK,CDG,1/17/2024 1:00,1/17/2024 1:10,56,1/17/2024 5:00,1/17/2024 5:15,101,226,Terminal 4,G37,On Time
953808,1/16/2024,American Airlines,LU904,LAX,LHR,1/17/2024 2:00,1/17/2024 2:10,79,1/17/2024 6:00,1/17/2024 6:15,36,225,Terminal 4,G26,On Time
547216,1/16/2024,Delta,LU219,LAX,LHR,1/17/2024 3:00,1/17/2024 3:10,31,1/17/2024 7:00,1/17/2024 7:15,129,365,Terminal 3,G9,On Time
615835,1/16/2024,Lufthansa,DE651,DFW,LHR,1/17/2024 4:00,1/17/2024 4:10,76,1/17/2024 8:00,1/17/2024 8:15,101,176,Terminal 2,G33,Delayed
522829,1/16/2024,Emirates,UN177,ORD,CDG,1/17/2024 5:00,1/17/2024 5:10,99,1/17/2024 9:00,1/17/2024 9:15,118,301,Terminal 1,G37,Delayed
870859,1/17/2024,Emirates,LU169,ORD,SYD,1/17/2024 6:00,1/17/2024 6:10,14,1/17/2024 10:00,1/17/2024 10:15,72,266,Terminal 5,G16,Cancelled
104749,1/17/2024,American Airlines,UN272,JFK,CDG,1/17/2024 7:00,1/17/2024 7:10,11,1/17/2024 11:00,1/17/2024 11:15,157,387,Terminal 2,G1,On Time
960467,1/17/2024,United Airlines,LU834,ATL,SYD,1/17/2024 8:00,1/17/2024 8:10,56,1/17/2024 12:00,1/17/2024 12:15,56,239,Terminal 3,G50,Delayed
648448,1/17/2024,American Airlines,LU760,ORD,DXB,1/17/2024 9:00,1/17/2024 9:10,108,1/17/2024 13:00,1/17/2024 13:15,56,82,Terminal 4,G42,Delayed
738092,1/17/2024,American Airlines,AM402,ATL,HND,1/17/2024 10:00,1/17/2024 10:10,0,1/17/2024 14:00,1/17/2024 14:15,51,97,Terminal 3,G12,Cancelled
528760,1/17/2024,Lufthansa,LU574,LAX,HND,1/17/2024 11:00,1/17/2024 11:10,7,1/17/2024 15:00,1/17/2024 15:15,152,315,Terminal 2,G36,On Time
146372,1/17/2024,Emirates,EM702,DFW,LHR,1/17/2024 12:00,1/17/2024 12:10,56,1/17/2024 16:00,1/17/2024 16:15,23,115,Terminal 1,G19,Delayed
192929,1/17/2024,American Airlines,LU548,ORD,CDG,1/17/2024 13:00,1/17/2024 13:10,113,1/17/2024 17:00,1/17/2024 17:15,157,214,Terminal 5,G4,Cancelled
120690,1/17/2024,Emirates,UN858,ORD,CDG,1/17/2024 14:00,1/17/2024 14:10,64,1/17/2024 18:00,1/17/2024 18:15,96,273,Terminal 1,G24,Delayed
496460,1/17/2024,Emirates,EM483,ATL,CDG,1/17/2024 15:00,1/17/2024 15:10,120,1/17/2024 19:00,1/17/2024 19:15,56,267,Terminal 2,G10,On Time
547949,1/17/2024,Delta,AM573,ORD,DXB,1/17/2024 16:00,1/17/2024 16:10,100,1/17/2024 20:00,1/17/2024 20:15,88,370,Terminal 2,G5,Delayed
432757,1/17/2024,American Airlines,AM808,JFK,DXB,1/17/2024 17:00,1/17/2024 17:10,-2,1/17/2024 21:00,1/17/2024 21:15,118,222,Terminal 2,G33,Delayed
630238,1/17/2024,Emirates,AM757,JFK,SYD,1/17/2024 18:00,1/17/2024 18:10,99,1/17/2024 22:00,1/17/2024 22:15,20,106,Terminal 2,G23,On Time
751881,1/17/2024,American Airlines,DE755,DFW,HND,1/17/2024 19:00,1/17/2024 19:10,102,1/17/2024 23:00,1/17/2024 23:15,17,246,Terminal 3,G4,On Time
567433,1/17/2024,American Airlines,UN949,JFK,DXB,1/17/2024 20:00,1/17/2024 20:10,31,1/18/2024 0:00,1/18/2024 0:15,56,159,Terminal 4,G21,Delayed
626424,1/17/2024,American Airlines,UN207,LAX,HND,1/17/2024 21:00,1/17/2024 21:10,69,1/18/2024 1:00,1/18/2024 1:15,56,355,Terminal 3,G25,Delayed
810592,1/17/2024,Delta,EM525,LAX,LHR,1/17/2024 22:00,1/17/2024 22:10,27,1/18/2024 2:00,1/18/2024 2:15,130,106,Terminal 1,G4,Cancelled
267840,1/17/2024,Delta,LU434,JFK,CDG,1/17/2024 23:00,1/17/2024 23:10,80,1/18/2024 3:00,1/18/2024 3:15,56,283,Terminal 3,G36,Delayed
839960,1/17/2024,Delta,EM223,ORD,HND,1/18/2024 0:00,1/18/2024 0:10,69,1/18/2024 4:00,1/18/2024 4:15,34,136,Terminal 1,G13,On Time
425513,1/17/2024,American Airlines,AM910,LAX,SYD,1/18/2024 1:00,1/18/2024 1:10,71,1/18/2024 5:00,1/18/2024 5:15,85,290,Terminal 2,G48,Cancelled
235722,1/17/2024,Emirates,EM383,LAX,CDG,1/18/2024 2:00,1/18/2024 2:10,40,1/18/2024 6:00,1/18/2024 6:15,64,98,Terminal 2,G7,Cancelled
870753,1/17/2024,Emirates,EM451,DFW,SYD,1/18/2024 3:00,1/18/2024 3:10,102,1/18/2024 7:00,1/18/2024 7:15,56,218,Terminal 4,G37,On Time
487469,1/17/2024,Lufthansa,LU711,JFK,CDG,1/18/2024 4:00,1/18/2024 4:10,56,1/18/2024 8:00,1/18/2024 8:15,56,178,Terminal 4,G7,On Time
988701,1/17/2024,Lufthansa,LU752,DFW,CDG,1/18/2024 5:00,1/18/2024 5:10,2,1/18/2024 9:00,1/18/2024 9:15,113,323,Terminal 3,G10,Delayed
542021,1/18/2024,Emirates,DE841,JFK,SYD,1/18/2024 6:00,1/18/2024 6:10,27,1/18/2024 10:00,1/18/2024 10:15,98,149,Terminal 2,G42,On Time
478046,1/18/2024,United Airlines,LU715,DFW,HND,1/18/2024 7:00,1/18/2024 7:10,34,1/18/2024 11:00,1/18/2024 11:15,142,261,Terminal 3,G27,Cancelled
679196,1/18/2024,Delta,DE587,ATL,CDG,1/18/2024 8:00,1/18/2024 8:10,81,1/18/2024 12:00,1/18/2024 12:15,91,138,Terminal 1,G4,Delayed
237149,1/18/2024,Emirates,LU757,ORD,CDG,1/18/2024 9:00,1/18/2024 9:10,56,1/18/2024 13:00,1/18/2024 13:15,148,323,Terminal 5,G17,Cancelled
892158,1/18/2024,United Airlines,DE952,ATL,DXB,1/18/2024 10:00,1/18/2024 10:10,47,1/18/2024 14:00,1/18/2024 14:15,158,97,Terminal 3,G45,On Time
704645,1/18/2024,United Airlines,EM746,ATL,SYD,1/18/2024 11:00,1/18/2024 11:10,27,1/18/2024 15:00,1/18/2024 15:15,89,149,Terminal 3,G47,On Time
329148,1/18/2024,United Airlines,EM445,JFK,DXB,1/18/2024 12:00,1/18/2024 12:10,115,1/18/2024 16:00,1/18/2024 16:15,150,197,Terminal 3,G35,Cancelled
683838,1/18/2024,Emirates,AM127,ORD,DXB,1/18/2024 13:00,1/18/2024 13:10,44,1/18/2024 17:00,1/18/2024 17:15,30,112,Terminal 4,G23,On Time
957720,1/18/2024,United Airlines,DE172,LAX,DXB,1/18/2024 14:00,1/18/2024 14:10,106,1/18/2024 18:00,1/18/2024 18:15,56,169,Terminal 2,G48,Delayed
445657,1/18/2024,Lufthansa,LU300,ORD,DXB,1/18/2024 15:00,1/18/2024 15:10,28,1/18/2024 19:00,1/18/2024 19:15,11,220,Terminal 1,G34,On Time
362713,1/18/2024,Lufthansa,DE894,DFW,HND,1/18/2024 16:00,1/18/2024 16:10,83,1/18/2024 20:00,1/18/2024 20:15,56,62,Terminal 3,G37,Cancelled
836568,1/18/2024,Delta,EM206,DFW,HND,1/18/2024 17:00,1/18/2024 17:10,57,1/18/2024 21:00,1/18/2024 21:15,137,146,Terminal 5,G27,Delayed
769639,1/18/2024,American Airlines,AM582,ATL,CDG,1/18/2024 18:00,1/18/2024 18:10,3,1/18/2024 22:00,1/18/2024 22:15,10,153,Terminal 2,G21,Delayed
143521,1/18/2024,Delta,AM459,JFK,SYD,1/18/2024 19:00,1/18/2024 19:10,89,1/18/2024 23:00,1/18/2024 23:15,56,195,Terminal 4,G17,Cancelled
758457,1/18/2024,Lufthansa,UN279,ORD,CDG,1/18/2024 20:00,1/18/2024 20:10,35,1/19/2024 0:00,1/19/2024 0:15,62,255,Terminal 4,G40,On Time
791042,1/18/2024,Delta,DE753,ORD,LHR,1/18/2024 21:00,1/18/2024 21:10,56,1/19/2024 1:00,1/19/2024 1:15,-2,56,Terminal 2,G36,Cancelled
415142,1/18/2024,Emirates,AM688,ORD,HND,1/18/2024 22:00,1/18/2024 22:10,91,1/19/2024 2:00,1/19/2024 2:15,56,292,Terminal 2,G5,Delayed
856965,1/18/2024,Lufthansa,UN465,ATL,LHR,1/18/2024 23:00,1/18/2024 23:10,80,1/19/2024 3:00,1/19/2024 3:15,52,209,Terminal 3,G36,Delayed
408889,1/18/2024,United Airlines,LU558,ATL,DXB,1/19/2024 0:00,1/19/2024 0:10,33,1/19/2024 4:00,1/19/2024 4:15,56,353,Terminal 4,G18,On Time
756415,1/18/2024,American Airlines,AM364,DFW,CDG,1/19/2024 1:00,1/19/2024 1:10,105,1/19/2024 5:00,1/19/2024 5:15,56,262,Terminal 4,G18,Delayed
453106,1/18/2024,Emirates,DE475,DFW,HND,1/19/2024 2:00,1/19/2024 2:10,56,1/19/2024 6:00,1/19/2024 6:15,96,374,Terminal 4,G1,Cancelled
118625,1/18/2024,United Airlines,EM450,DFW,DXB,1/19/2024 3:00,1/19/2024 3:10,24,1/19/2024 7:00,1/19/2024 7:15,32,308,Terminal 1,G39,Delayed
822907,1/18/2024,American Airlines,AM434,JFK,LHR,1/19/2024 4:00,1/19/2024 4:10,27,1/19/2024 8:00,1/19/2024 8:15,100,275,Terminal 2,G16,On Time
343859,1/18/2024,American Airlines,DE610,DFW,HND,1/19/2024 5:00,1/19/2024 5:10,5,1/19/2024 9:00,1/19/2024 9:15,136,216,Terminal 5,G35,Delayed
702156,1/19/2024,Delta,LU395,ORD,DXB,1/19/2024 6:00,1/19/2024 6:10,66,1/19/2024 10:00,1/19/2024 10:15,56,278,Terminal 2,G28,Cancelled
677277,1/19/2024,Delta,UN463,ORD,CDG,1/19/2024 7:00,1/19/2024 7:10,4,1/19/2024 11:00,1/19/2024 11:15,39,204,Terminal 5,G23,Cancelled
518803,1/19/2024,Emirates,LU428,DFW,LHR,1/19/2024 8:00,1/19/2024 8:10,71,1/19/2024 12:00,1/19/2024 12:15,45,380,Terminal 1,G20,Cancelled
303044,1/19/2024,American Airlines,AM765,ORD,DXB,1/19/2024 9:00,1/19/2024 9:10,56,1/19/2024 13:00,1/19/2024 13:15,95,201,Terminal 4,G30,Delayed
652605,1/19/2024,Emirates,LU415,ORD,LHR,1/19/2024 10:00,1/19/2024 10:10,84,1/19/2024 14:00,1/19/2024 14:15,101,269,Terminal 1,G5,Delayed
308129,1/19/2024,Emirates,AM877,JFK,LHR,1/19/2024 11:00,1/19/2024 11:10,116,1/19/2024 15:00,1/19/2024 15:15,172,211,Terminal 1,G40,Cancelled
882765,1/19/2024,Emirates,EM321,LAX,SYD,1/19/2024 12:00,1/19/2024 12:10,28,1/19/2024 16:00,1/19/2024 16:15,17,205,Terminal 1,G50,On Time
366087,1/19/2024,Lufthansa,LU415,LAX,LHR,1/19/2024 13:00,1/19/2024 13:10,73,1/19/2024 17:00,1/19/2024 17:15,15,179,Terminal 2,G12,Cancelled
495324,1/19/2024,American Airlines,AM617,LAX,SYD,1/19/2024 14:00,1/19/2024 14:10,57,1/19/2024 18:00,1/19/2024 18:15,112,325,Terminal 3,G32,Delayed
509000,1/19/2024,Lufthansa,AM900,ORD,CDG,1/19/2024 15:00,1/19/2024 15:10,11,1/19/2024 19:00,1/19/2024 19:15,147,122,Terminal 3,G42,On Time
731948,1/19/2024,Lufthansa,AM124,ATL,CDG,1/19/2024 16:00,1/19/2024 16:10,51,1/19/2024 20:00,1/19/2024 20:15,116,108,Terminal 5,G4,Delayed
892189,1/19/2024,United Airlines,AM230,ATL,HND,1/19/2024 17:00,1/19/2024 17:10,41,1/19/2024 21:00,1/19/2024 21:15,65,313,Terminal 5,G44,Cancelled
123764,1/19/2024,United Airlines,DE381,DFW,LHR,1/19/2024 18:00,1/19/2024 18:10,14,1/19/2024 22:00,1/19/2024 22:15,56,300,Terminal 4,G24,On Time
648588,1/19/2024,United Airlines,DE103,DFW,DXB,1/19/2024 19:00,1/19/2024 19:10,56,1/19/2024 23:00,1/19/2024 23:15,42,161,Terminal 3,G17,Delayed
225623,1/19/2024,American Airlines,LU399,ATL,CDG,1/19/2024 20:00,1/19/2024 20:10,56,1/20/2024 0:00,1/20/2024 0:15,69,364,Terminal 1,G33,On Time
369997,1/19/2024,Lufthansa,UN515,JFK,HND,1/19/2024 21:00,1/19/2024 21:10,119,1/20/2024 1:00,1/20/2024 1:15,56,335,Terminal 4,G30,Cancelled
408505,1/19/2024,United Airlines,DE568,ATL,DXB,1/19/2024 22:00,1/19/2024 22:10,96,1/20/2024 2:00,1/20/2024 2:15,91,387,Terminal 5,G20,Delayed
736652,1/19/2024,Lufthansa,AM485,LAX,CDG,1/19/2024 23:00,1/19/2024 23:10,56,1/20/2024 3:00,1/20/2024 3:15,60,140,Terminal 2,G34,Delayed
656854,1/19/2024,American Airlines,EM260,ORD,LHR,1/20/2024 0:00,1/20/2024 0:10,62,1/20/2024 4:00,1/20/2024 4:15,23,104,Terminal 5,G31,Cancelled
510310,1/19/2024,Lufthansa,DE948,JFK,SYD,1/20/2024 1:00,1/20/2024 1:10,30,1/20/2024 5:00,1/20/2024 5:15,45,115,Terminal 5,G3,On Time
145664,1/19/2024,Emirates,DE841,ATL,SYD,1/20/2024 2:00,1/20/2024 2:10,18,1/20/2024 6:00,1/20/2024 6:15,46,218,Terminal 4,G22,Cancelled
244122,1/19/2024,Emirates,EM625,LAX,DXB,1/20/2024 3:00,1/20/2024 3:10,12,1/20/2024 7:00,1/20/2024 7:15,124,216,Terminal 5,G26,On Time
734410,1/19/2024,Emirates,LU529,ATL,DXB,1/20/2024 4:00,1/20/2024 4:10,56,1/20/2024 8:00,1/20/2024 8:15,11,311,Terminal 4,G25,Cancelled
845682,1/19/2024,United Airlines,DE737,LAX,CDG,1/20/2024 5:00,1/20/2024 5:10,104,1/20/2024 9:00,1/20/2024 9:15,71,328,Terminal 5,G10,Delayed
524072,1/20/2024,United Airlines,LU562,ATL,DXB,1/20/2024 6:00,1/20/2024 6:10,13,1/20/2024 10:00,1/20/2024 10:15,29,300,Terminal 2,G15,On Time
932208,1/20/2024,Delta,AM549,DFW,LHR,1/20/2024 7:00,1/20/2024 7:10,56,1/20/2024 11:00,1/20/2024 11:15,180,291,Terminal 2,G2,Cancelled
446807,1/20/2024,Delta,AM482,JFK,SYD,1/20/2024 8:00,1/20/2024 8:10,3,1/20/2024 12:00,1/20/2024 12:15,75,193,Terminal 5,G47,Cancelled
336064,1/20/2024,Lufthansa,DE156,ORD,LHR,1/20/2024 9:00,1/20/2024 9:10,39,1/20/2024 13:00,1/20/2024 13:15,8,70,Terminal 2,G4,On Time
292212,1/20/2024,American Airlines,UN344,LAX,HND,1/20/2024 10:00,1/20/2024 10:10,56,1/20/2024 14:00,1/20/2024 14:15,67,229,Terminal 2,G24,Delayed
820719,1/20/2024,American Airlines,AM220,ORD,DXB,1/20/2024 11:00,1/20/2024 11:10,56,1/20/2024 15:00,1/20/2024 15:15,61,79,Terminal 5,G26,Cancelled
682896,1/20/2024,Lufthansa,UN450,LAX,LHR,1/20/2024 12:00,1/20/2024 12:10,104,1/20/2024 16:00,1/20/2024 16:15,144,161,Terminal 2,G1,Delayed
844148,1/20/2024,Lufthansa,LU837,JFK,HND,1/20/2024 13:00,1/20/2024 13:10,15,1/20/2024 17:00,1/20/2024 17:15,81,83,Terminal 2,G38,Cancelled
333762,1/20/2024,American Airlines,UN299,ORD,DXB,1/20/2024 14:00,1/20/2024 14:10,112,1/20/2024 18:00,1/20/2024 18:15,56,224,Terminal 5,G42,On Time
180455,1/20/2024,United Airlines,AM160,ORD,LHR,1/20/2024 15:00,1/20/2024 15:10,66,1/20/2024 19:00,1/20/2024 19:15,145,83,Terminal 4,G20,Delayed
461290,1/20/2024,American Airlines,EM850,ORD,SYD,1/20/2024 16:00,1/20/2024 16:10,66,1/20/2024 20:00,1/20/2024 20:15,36,156,Terminal 4,G18,Cancelled
794992,1/20/2024,Delta,DE532,ATL,LHR,1/20/2024 17:00,1/20/2024 17:10,115,1/20/2024 21:00,1/20/2024 21:15,80,208,Terminal 5,G41,On Time
311186,1/20/2024,Lufthansa,EM142,ATL,SYD,1/20/2024 18:00,1/20/2024 18:10,23,1/20/2024 22:00,1/20/2024 22:15,112,390,Terminal 5,G26,On Time
123235,1/20/2024,Delta,LU681,LAX,DXB,1/20/2024 19:00,1/20/2024 19:10,15,1/20/2024 23:00,1/20/2024 23:15,137,244,Terminal 2,G7,Cancelled
602657,1/20/2024,Emirates,LU743,LAX,HND,1/20/2024 20:00,1/20/2024 20:10,56,1/21/2024 0:00,1/21/2024 0:15,134,241,Terminal 5,G24,On Time
117463,1/20/2024,American Airlines,DE789,LAX,DXB,1/20/2024 21:00,1/20/2024 21:10,56,1/21/2024 1:00,1/21/2024 1:15,56,77,Terminal 4,G1,Cancelled
588946,1/20/2024,United Airlines,EM653,JFK,DXB,1/20/2024 22:00,1/20/2024 22:10,62,1/21/2024 2:00,1/21/2024 2:15,68,329,Terminal 5,G7,Cancelled
730114,1/20/2024,Emirates,UN359,LAX,LHR,1/20/2024 23:00,1/20/2024 23:10,56,1/21/2024 3:00,1/21/2024 3:15,172,389,Terminal 5,G9,On Time
936666,1/20/2024,American Airlines,EM785,ATL,HND,1/21/2024 0:00,1/21/2024 0:10,41,1/21/2024 4:00,1/21/2024 4:15,161,262,Terminal 5,G50,Delayed
209476,1/20/2024,United Airlines,EM229,LAX,SYD,1/21/2024 1:00,1/21/2024 1:10,113,1/21/2024 5:00,1/21/2024 5:15,33,215,Terminal 2,G44,On Time
747987,1/20/2024,United Airlines,AM506,JFK,SYD,1/21/2024 2:00,1/21/2024 2:10,95,1/21/2024 6:00,1/21/2024 6:15,56,264,Terminal 3,G50,Delayed
144509,1/20/2024,American Airlines,EM694,DFW,HND,1/21/2024 3:00,1/21/2024 3:10,119,1/21/2024 7:00,1/21/2024 7:15,56,367,Terminal 5,G47,Cancelled
934591,1/20/2024,Delta,EM173,ORD,LHR,1/21/2024 4:00,1/21/2024 4:10,23,1/21/2024 8:00,1/21/2024 8:15,146,338,Terminal 1,G15,Delayed
405646,1/20/2024,Delta,DE860,LAX,LHR,1/21/2024 5:00,1/21/2024 5:10,56,1/21/2024 9:00,1/21/2024 9:15,25,269,Terminal 4,G22,Delayed
839733,1/21/2024,United Airlines,DE919,DFW,LHR,1/21/2024 6:00,1/21/2024 6:10,56,1/21/2024 10:00,1/21/2024 10:15,56,162,Terminal 2,G4,Delayed
652450,1/21/2024,American Airlines,DE913,JFK,HND,1/21/2024 7:00,1/21/2024 7:10,97,1/21/2024 11:00,1/21/2024 11:15,116,329,Terminal 5,G27,Delayed
829833,1/21/2024,Emirates,AM133,DFW,LHR,1/21/2024 8:00,1/21/2024 8:10,93,1/21/2024 12:00,1/21/2024 12:15,77,301,Terminal 4,G26,On Time
620293,1/21/2024,Lufthansa,UN683,JFK,DXB,1/21/2024 9:00,1/21/2024 9:10,7,1/21/2024 13:00,1/21/2024 13:15,90,186,Terminal 5,G41,On Time
641469,1/21/2024,Emirates,LU603,LAX,DXB,1/21/2024 10:00,1/21/2024 10:10,66,1/21/2024 14:00,1/21/2024 14:15,161,200,Terminal 1,G24,On Time
545466,1/21/2024,American Airlines,LU864,ATL,HND,1/21/2024 11:00,1/21/2024 11:10,92,1/21/2024 15:00,1/21/2024 15:15,56,295,Terminal 4,G25,Cancelled
123985,1/21/2024,Emirates,DE404,ORD,HND,1/21/2024 12:00,1/21/2024 12:10,85,1/21/2024 16:00,1/21/2024 16:15,175,301,Terminal 3,G28,On Time
179380,1/21/2024,Delta,DE908,LAX,DXB,1/21/2024 13:00,1/21/2024 13:10,61,1/21/2024 17:00,1/21/2024 17:15,92,90,Terminal 2,G4,Delayed
476348,1/21/2024,Lufthansa,LU247,JFK,SYD,1/21/2024 14:00,1/21/2024 14:10,80,1/21/2024 18:00,1/21/2024 18:15,27,166,Terminal 2,G24,Cancelled
165132,1/21/2024,United Airlines,AM290,ORD,HND,1/21/2024 15:00,1/21/2024 15:10,56,1/21/2024 19:00,1/21/2024 19:15,105,207,Terminal 2,G2,On Time
640661,1/21/2024,Lufthansa,DE956,ATL,SYD,1/21/2024 16:00,1/21/2024 16:10,56,1/21/2024 20:00,1/21/2024 20:15,50,94,Terminal 3,G23,Delayed
845314,1/21/2024,United Airlines,EM222,JFK,LHR,1/21/2024 17:00,1/21/2024 17:10,56,1/21/2024 21:00,1/21/2024 21:15,81,134,Terminal 1,G40,Delayed
902315,1/21/2024,American Airlines,LU422,JFK,DXB,1/21/2024 18:00,1/21/2024 18:10,74,1/21/2024 22:00,1/21/2024 22:15,-3,223,Terminal 4,G2,Cancelled
768232,1/21/2024,Delta,DE716,LAX,CDG,1/21/2024 19:00,1/21/2024 19:10,66,1/21/2024 23:00,1/21/2024 23:15,56,172,Terminal 5,G33,Cancelled
940658,1/21/2024,United Airlines,LU584,DFW,SYD,1/21/2024 20:00,1/21/2024 20:10,56,1/22/2024 0:00,1/22/2024 0:15,27,378,Terminal 5,G24,On Time
336865,1/21/2024,United Airlines,UN911,ATL,HND,1/21/2024 21:00,1/21/2024 21:10,85,1/22/2024 1:00,1/22/2024 1:15,84,315,Terminal 2,G42,Cancelled
350345,1/21/2024,American Airlines,AM690,DFW,CDG,1/21/2024 22:00,1/21/2024 22:10,31,1/22/2024 2:00,1/22/2024 2:15,147,377,Terminal 4,G24,Cancelled
390614,1/21/2024,United Airlines,LU128,LAX,DXB,1/21/2024 23:00,1/21/2024 23:10,56,1/22/2024 3:00,1/22/2024 3:15,163,177,Terminal 5,G45,Cancelled
948687,1/21/2024,Lufthansa,EM635,DFW,CDG,1/22/2024 0:00,1/22/2024 0:10,47,1/22/2024 4:00,1/22/2024 4:15,56,184,Terminal 4,G30,On Time
434211,1/21/2024,American Airlines,LU462,ATL,SYD,1/22/2024 1:00,1/22/2024 1:10,20,1/22/2024 5:00,1/22/2024 5:15,97,94,Terminal 2,G28,Cancelled
773480,1/16/2024,Delta,DE465,LAX,SYD,1/16/2024 7:00,1/16/2024 7:10,61,1/16/2024 11:00,1/16/2024 11:15,73,300,Terminal 5,G44,On Time
662665,1/4/2024,United Airlines,AM283,ATL,HND,1/4/2024 7:00,1/4/2024 7:10,56,1/4/2024 11:00,1/4/2024 11:15,94,267,Terminal 5,G24,Delayed
432760,1/16/2024,Lufthansa,AM552,ORD,HND,1/16/2024 20:00,1/16/2024 20:10,48,1/17/2024 0:00,1/17/2024 0:15,56,120,Terminal 4,G34,On Time
793520,1/7/2024,Emirates,EM269,ATL,LHR,1/7/2024 17:00,1/7/2024 17:10,48,1/7/2024 21:00,1/7/2024 21:15,139,177,Terminal 1,G38,Delayed
392633,1/5/2024,Delta,EM792,ORD,SYD,1/5/2024 14:00,1/5/2024 14:10,42,1/5/2024 18:00,1/5/2024 18:15,67,386,Terminal 5,G39,Cancelled
547949,1/17/2024,Delta,AM573,ORD,DXB,1/17/2024 16:00,1/17/2024 16:10,100,1/17/2024 20:00,1/17/2024 20:15,88,370,Terminal 2,G5,Delayed
267404,1/16/2024,United Airlines,LU538,DFW,DXB,1/16/2024 23:00,1/16/2024 23:10,56,1/17/2024 3:00,1/17/2024 3:15,80,268,Terminal 3,G49,Cancelled
850977,1/6/2024,Emirates,DE257,ORD,CDG,1/6/2024 10:00,1/6/2024 10:10,58,1/6/2024 14:00,1/6/2024 14:15,53,218,Terminal 3,G26,Delayed
629272,1/3/2024,Emirates,UN523,JFK,LHR,1/4/2024 2:00,1/4/2024 2:10,75,1/4/2024 6:00,1/4/2024 6:15,55,271,Terminal 5,G37,On Time
656854,1/19/2024,American Airlines,EM260,ORD,LHR,1/20/2024 0:00,1/20/2024 0:10,62,1/20/2024 4:00,1/20/2024 4:15,23,104,Terminal 5,G31,Cancelled
971868,1/1/2024,Delta,EM102,JFK,CDG,1/1/2024 15:00,1/1/2024 15:10,34,1/1/2024 19:00,1/1/2024 19:15,56,209,Terminal 4,G25,Cancelled
952221,1/9/2024,Lufthansa,UN945,ORD,DXB,1/9/2024 8:00,1/9/2024 8:10,86,1/9/2024 12:00,1/9/2024 12:15,56,199,Terminal 5,G40,Delayed
487469,1/17/2024,Lufthansa,LU711,JFK,CDG,1/18/2024 4:00,1/18/2024 4:10,56,1/18/2024 8:00,1/18/2024 8:15,56,178,Terminal 4,G7,On Time
198224,1/4/2024,American Airlines,EM199,ORD,DXB,1/4/2024 18:00,1/4/2024 18:10,9,1/4/2024 22:00,1/4/2024 22:15,47,356,Terminal 1,G25,On Time
859635,1/16/2024,Lufthansa,UN716,ORD,CDG,1/16/2024 17:00,1/16/2024 17:10,5,1/16/2024 21:00,1/16/2024 21:15,139,109,Terminal 4,G9,Delayed
515,,#NAME?,,,515,,,,,1/0/1900 0:00,,,,,
